id,web_name,first_name,second_name,squad_number,element_type,team,status,news,news_added,cost,cost_change_start,cost_change_start_fall,dreamteam_count,selected_by_percent,total_points,points_per_game,minutes,goals_scored,assists,clean_sheets,goals_conceded,own_goals,penalties_saved,penalties_missed,yellow_cards,red_cards,saves,bonus,bps,influence,creativity,threat,ict_index
1,Cech,Petr,Cech,1,1,1,a,,2018-09-29T17:31:14Z,4.7,-3,3,0,1.1,24,3.4,585,0,0,1,9,0,0,0,0,0,27,3,130,205,0,0,20.4
2,Leno,Bernd,Leno,19,1,1,a,,,4.9,-1,1,1,4,106,3.3,2835,0,0,6,42,0,0,0,0,0,105,5,568,807.2,0,0,80.5
3,Koscielny,Laurent,Koscielny,6,2,1,a,,2019-05-03T08:31:19Z,5.4,-1,1,1,0.9,62,3.6,1329,3,0,3,23,0,0,0,1,0,0,8,319,456.4,29.5,105,59.1
4,Bellerin,Hector,Bellerin,2,2,1,i,Knee injury - Unknown return date,2019-01-19T20:01:19Z,5.3,-2,2,0,4.5,60,3.2,1532,0,5,4,21,1,0,0,3,0,0,5,304,261.6,197.8,280,73.7
5,Monreal,Nacho,Monreal,18,2,1,a,,2019-04-28T10:31:25Z,5.4,-1,1,1,1.3,77,3.5,1860,1,4,5,24,0,0,0,5,0,0,7,392,413.2,196.6,224,83.4
6,Holding,Rob,Holding,16,2,1,i,Anterior cruciate ligament  - Expected back 05 Jun,2018-12-05T23:01:16Z,4.3,-2,2,0,0.4,24,2.4,806,0,0,1,10,0,0,0,1,0,0,5,148,187.8,28.7,14,23.2
7,Mustafi,Shkodran,Mustafi,20,2,1,a,,2019-02-03T20:31:19Z,5.4,-1,1,0,1.3,80,2.6,2611,2,0,6,40,0,0,0,9,0,0,5,475,718.6,106,252,107.8
8,Kolasinac,Sead,Kolasinac,31,2,1,a,,2019-05-10T00:01:20Z,4.9,-1,1,1,5.4,81,3.4,1886,0,7,5,29,1,0,0,5,0,0,10,382,323.2,445.9,242,101
10,Mavropanos,Konstantinos,Mavropanos,27,2,1,a,,2019-03-29T15:31:20Z,4.7,-3,3,0,0.1,3,0.8,147,0,0,0,1,0,0,0,1,0,0,0,28,27,14.1,10,5.2
11,Lichtsteiner,Stephan,Lichtsteiner,12,2,1,a,,2019-02-24T17:31:21Z,4.5,-5,5,0,0.8,14,1,935,0,0,0,18,0,0,0,3,0,0,0,89,113,61.1,23,20
12,Sokratis,Sokratis,Papastathopoulos,5,2,1,a,,2019-04-07T15:31:20Z,5.1,-4,4,1,1.2,64,2.6,2198,1,2,5,33,0,0,0,12,0,0,4,402,513.8,67.9,120,70.4
13,Ozil,Mesut,Ozil,10,3,1,a,,2019-04-28T10:31:25Z,7.9,-6,6,2,2.6,89,3.7,1732,5,3,5,24,0,0,0,2,0,0,9,363,429.6,714.2,254,140
14,Ramsey,Aaron,Ramsey,8,3,1,a,,2019-04-18T21:01:19Z,7.1,-4,4,0,0.9,91,3.3,1319,4,6,9,13,0,0,0,0,0,0,4,298,418.4,387.2,502,131
15,Iwobi,Alex,Iwobi,17,3,1,a,,2019-02-24T17:31:21Z,5.4,-1,1,0,1.5,99,2.8,1961,3,8,4,32,0,0,0,0,0,0,3,382,469,596.7,646,171.1
16,Elneny,Mohamed,Elneny,4,3,1,a,,2018-10-31T10:31:13Z,4.2,-3,3,0,2.2,10,1.3,377,0,0,0,5,0,0,0,0,0,0,0,59,86.6,76.7,63,22.7
17,Xhaka,Granit,Xhaka,34,3,1,a,,2019-04-19T14:01:20Z,5.2,-3,3,1,2.3,90,3.1,2498,4,3,7,37,0,0,0,10,0,0,8,452,634.6,674,215,152.6
18,Mkhitaryan,Henrikh,Mkhitaryan,7,3,1,a,,2019-03-10T21:01:20Z,6.6,-4,4,4,4.6,98,3.9,1637,6,4,3,26,0,0,0,1,0,0,12,354,446.4,454.9,600,150.2
19,Nelson,Reiss,Nelson,48,3,1,u,Season-long loan to Hoffenheim,2018-09-02T07:29:58Z,4.4,-1,1,0,0.4,0,0,0,0,0,0,0,0,0,0,0,0,0,0,0,0,0,0,0
20,Maitland-Niles,Ainsley,Maitland-Niles,15,3,1,a,,2019-04-28T13:01:21Z,4.4,-1,1,0,0.4,34,2.1,983,1,1,2,20,0,0,0,1,1,0,3,152,224.2,98.9,126,44.8
21,Welbeck,Danny,Welbeck,23,4,1,a,,2018-11-08T23:01:14Z,6.4,-1,1,0,0.4,19,2.4,146,1,1,0,3,0,0,0,0,0,0,3,63,73.6,56.8,66,19.5
22,Lacazette,Alexandre,Lacazette,9,4,1,a,,2018-11-25T13:01:16Z,9.4,-1,1,1,11.4,166,4.7,2497,13,12,6,31,0,0,0,2,0,0,20,560,808,482.4,1319,260.6
23,Aubameyang,Pierre-Emerick,Aubameyang,14,4,1,a,,2019-04-24T19:01:21Z,10.8,-2,2,5,18.8,205,5.7,2722,22,7,7,42,0,0,1,0,0,0,32,756,984.4,484.6,1429,289.6
450,Torreira,Lucas,Torreira,11,3,1,a,,2019-04-15T23:31:23Z,4.7,-3,3,1,2.6,78,2.3,2377,2,4,5,38,0,0,0,7,1,0,6,409,440.8,301,203,94.5
451,Guendouzi,Matteo,Guendouzi,29,3,1,a,,2018-11-01T01:01:15Z,4.4,-1,1,0,1.6,47,1.4,2140,0,0,3,32,0,0,0,9,0,0,0,321,323.2,312.4,130,76.6
542,Martinez,Emiliano,Martinez,26,1,1,u,Season-long loan to Reading,2019-01-23T13:31:19Z,4,0,0,0,0.2,0,0,0,0,0,0,0,0,0,0,0,0,0,0,0,0,0,0,0
545,Smith-Rowe,Emile,Smith-Rowe,55,3,1,u,Season-long loan to RB Leipzig,2019-01-31T19:01:19Z,4.5,0,0,0,0,0,0,0,0,0,0,0,0,0,0,0,0,0,0,0,0,0,0,0
546,Medley,Zech,Medley,47,2,1,a,,,4,0,0,0,0.1,0,0,0,0,0,0,0,0,0,0,0,0,0,0,0,0,0,0,0
552,Nketiah,Edward,Nketiah,49,4,1,a,,,5,0,0,0,0,10,2,63,1,0,0,3,0,0,0,0,0,0,1,36,40.8,14.7,59,11.4
563,Saka,Bukayo,Saka,87,3,1,a,,,4.5,0,0,0,0,1,1,7,0,0,0,0,0,0,0,0,0,0,0,3,0,0,0,0
566,Willock,Joseph,Willock,59,3,1,a,,,4.5,0,0,0,0,4,2,63,0,0,1,1,0,0,0,0,0,0,0,4,1,2.5,23,2.7
581,Jenkinson,Carl,Jenkinson,25,2,1,a,,,4.5,0,0,0,0,4,1.3,165,0,0,0,3,0,0,0,0,0,0,0,16,26.8,16.9,8,5.2
586,Suarez,Denis,Suarez,22,3,1,a,,2019-04-17T14:31:20Z,5.7,-8,8,0,0.1,4,1,67,0,0,0,1,0,0,0,0,0,0,0,11,8.4,4.8,0,1.4
24,Begovic,Asmir,Begovic,27,1,2,a,,2019-05-10T10:31:21Z,4.3,-2,2,0,2.7,63,2.6,2160,0,0,5,47,0,0,0,0,0,59,4,363,440.6,0,0,44.2
25,Boruc,Artur,Boruc,1,1,2,a,,,4.1,1,-1,1,8.6,46,3.8,1080,0,0,4,18,0,0,0,2,0,39,4,218,302,0,0,30.3
26,Francis,Simon,Francis,2,2,2,i,Anterior cruciate ligament  - Expected back 25 Jun,2018-12-26T18:01:16Z,4.3,-2,2,0,0.2,40,2.4,1227,0,2,4,24,0,0,0,1,0,0,0,244,332.4,173.3,39,54.4
27,Steve Cook,Steve,Cook,3,2,2,a,,2019-02-23T20:01:19Z,4.3,-2,2,1,4.2,85,2.7,2786,1,1,9,56,1,0,0,3,0,0,6,549,731,143.3,292,116.5
28,Daniels,Charlie,Daniels,11,2,2,i,Knee injury - Unknown return date,2019-04-05T11:01:20Z,4.1,-4,4,1,3.2,44,2.1,1583,1,0,4,34,0,0,0,4,0,0,1,278,289.8,215.4,156,66.2
29,Adam Smith,Adam,Smith,15,2,2,a,,2019-04-20T16:31:23Z,4.3,-2,2,0,0.4,70,2.8,2067,1,1,8,33,0,0,0,5,1,0,1,383,374,199.8,110,68.5
30,Mings,Tyrone,Mings,26,2,2,u,Season-long loan to Aston Villa,2019-01-31T14:31:18Z,4.2,-3,3,0,0.1,5,1,141,0,0,0,4,0,0,0,0,0,0,0,41,49,16.3,2,6.8
31,Ake,Nathan,Ake,5,2,2,a,,2018-12-30T19:01:16Z,5.1,1,-1,1,6.1,120,3.2,3411,4,1,10,70,0,0,0,3,0,0,8,716,1002,125.9,440,156.8
32,Simpson,Jack,Simpson,25,2,2,a,,,3.9,-1,1,0,6.1,10,1.7,401,0,0,1,9,1,0,0,0,0,0,0,73,85.4,2,21,11
34,Pugh,Marc,Pugh,7,3,2,u,Season-long loan to Hull City,2019-01-23T10:33:34Z,4.3,-2,2,0,0.3,0,0,0,0,0,0,0,0,0,0,0,0,0,0,0,0,0,0,0
35,Surman,Andrew,Surman,6,3,2,i,Calf injury - Unknown return date,2019-03-17T14:31:21Z,4.6,-4,4,0,0.1,36,2,1438,0,0,4,37,0,0,0,2,0,0,0,206,190.8,163,38,39.2
36,Stanislas,Junior,Stanislas,19,3,2,i,Knee injury - Expected back 27 Jul,2019-04-20T16:31:23Z,6,0,0,0,0.1,56,2.4,1021,2,3,2,24,0,0,0,1,0,0,3,205,225.2,254.5,340,82
37,Gosling,Dan,Gosling,4,3,2,i,Calf injury - Unknown return date,2019-04-27T16:31:22Z,4.7,-3,3,0,0.1,54,2.2,1734,2,2,4,33,0,0,0,8,0,0,0,237,400.6,164.7,217,78.1
38,Ibe,Jordon,Ibe,10,3,2,a,,,4.9,-6,6,0,0.2,33,1.7,789,1,1,1,23,0,0,0,1,0,0,0,105,131.2,174.8,155,46
39,Lewis Cook,Lewis,Cook,16,3,2,i,Anterior cruciate ligament  - Expected back 04 Jun,2018-12-06T14:31:16Z,4.6,-4,4,0,0.1,22,1.7,719,0,0,3,10,0,0,0,2,0,0,0,91,76,50.4,36,16.5
40,Fraser,Ryan,Fraser,24,3,2,a,,2019-03-15T10:31:19Z,6.4,9,-9,6,23.7,181,4.8,3165,7,14,9,64,0,0,0,2,0,0,23,751,930.6,1382.4,696,301.2
41,Hyndman,Emerson,Hyndman,22,3,2,a,,2018-08-09T20:43:58Z,4.4,-1,1,0,0,1,1,37,0,0,0,2,0,0,0,0,0,0,0,2,14,1.2,0,1.5
42,Brooks,David,Brooks,20,3,2,i,Ankle injury - Unknown return date,2019-05-03T09:01:20Z,5,0,0,2,3.6,123,4.1,2263,7,6,9,41,0,0,0,3,0,0,7,414,598,466.7,609,167.5
43,Wilson,Callum,Wilson,13,4,2,a,,2019-01-09T14:31:17Z,6.9,9,-9,7,20.3,168,5.6,2528,14,12,9,47,0,0,1,3,0,0,22,525,737.8,388.4,1137,225
44,Mousset,Lys,Mousset,9,4,2,a,,2018-09-01T13:01:13Z,4.9,-1,1,0,0.2,28,1.2,350,1,0,0,15,0,0,0,1,0,0,0,74,74.6,65.1,201,33.8
45,King,Joshua,King,17,4,2,a,,2019-01-21T15:01:18Z,6.4,-1,1,4,5.1,141,4,2963,12,3,10,57,0,0,1,3,0,0,20,457,655.4,535.7,1058,223.8
46,Defoe,Jermain,Defoe,18,4,2,u,Joined Rangers on an 18-month loan deal,2019-01-07T00:31:16Z,5.6,-4,4,0,0.4,4,1,22,0,0,0,2,0,0,0,0,0,0,0,12,3,0,23,2.6
241,Clyne,Nathaniel,Clyne,23,2,2,a,,2019-04-20T19:31:22Z,4.4,-6,6,0,0.6,34,1.9,1250,0,1,3,26,0,0,0,2,0,0,0,201,199.4,100.2,72,36.9
259,Solanke,Dominic,Solanke,29,4,2,i,Hamstring injury - Unknown return date,2019-05-03T09:01:20Z,4.7,-3,3,0,0.4,15,1.5,340,0,1,0,5,0,0,0,0,0,0,0,45,79,96,154,33
473,Rico,Diego,Rico,21,2,2,a,,2019-04-09T22:31:21Z,4.1,-4,4,0,0,8,0.7,606,0,0,0,19,0,0,0,1,0,0,0,89,107.4,171.6,36,31.4
494,Lerma,Jefferson,Lerma,8,3,2,a,,2019-02-23T18:01:19Z,4.5,0,0,0,0.3,75,2.5,2505,2,2,9,49,1,0,0,12,0,0,6,410,539.6,245.8,174,96.2
580,Mepham,Chris,Mepham,33,2,2,a,,,4.5,0,0,0,0.1,27,2.1,848,0,1,2,17,0,0,0,1,0,0,0,158,177.2,24.1,22,22.5
599,Surridge,Sam,Surridge,44,4,2,a,,,4.5,0,0,0,0.1,2,1,11,0,0,0,0,0,0,0,0,0,0,0,3,5,11.8,23,4
600,Taylor,Kyle,Taylor,28,3,2,a,,,4.5,0,0,0,0,0,0,0,0,0,0,0,0,0,0,0,0,0,0,0,0,0,0,0
613,Ofoborh,Nnamdi,Ofoborh,59,3,2,a,,,4.5,0,0,0,0,0,0,0,0,0,0,0,0,0,0,0,0,0,0,0,0,0,0,0
616,Travers,Mark,Travers,42,1,2,a,,,4,0,0,0,0.3,9,4.5,180,0,0,1,5,0,0,0,0,0,9,1,46,68.2,0,0,6.8
620,Butcher,Matt,Butcher,,3,2,a,,,4.5,0,0,0,0,0,0,0,0,0,0,0,0,0,0,0,0,0,0,0,0,0,0,0
47,Ryan,Mathew,Ryan,1,1,3,a,,2018-12-26T22:31:37Z,4.4,-1,1,0,4.9,104,3.1,3060,0,0,6,55,0,0,0,2,0,97,11,547,707,0,0,70.9
48,Dunk,Lewis,Dunk,5,2,3,a,,2019-02-16T17:31:21Z,4.4,-1,1,1,3.4,91,2.5,3151,2,1,7,56,0,0,0,5,1,0,6,573,805.8,132.9,245,118.7
49,Duffy,Shane,Duffy,4,2,3,a,,2019-03-25T23:31:22Z,4.7,2,-2,4,8.1,115,3.3,3087,5,2,7,55,0,0,0,4,1,0,9,582,1024.4,84.1,499,160.9
50,Bruno,Bruno,Saltor Grau,2,2,3,a,,2018-12-01T17:31:14Z,4.4,-1,1,1,0.3,46,3.3,1131,0,1,4,17,0,0,0,2,0,0,7,229,181.6,102,14,29.8
51,Bong,Gaëtan,Bong,3,2,3,a,,2018-10-20T13:01:16Z,4.4,-1,1,0,0.1,48,2.2,1805,0,0,5,34,0,0,0,0,0,0,0,254,220,153.3,8,38
52,Suttner,Markus,Suttner,29,2,3,a,,2019-01-18T19:01:19Z,3.8,-2,2,0,4.3,0,0,0,0,0,0,0,0,0,0,0,0,0,0,0,0,0,0,0
53,Schelotto,Ezequiel,Schelotto,21,2,3,a,,2019-01-28T14:31:21Z,3.8,-2,2,0,1.9,0,0,0,0,0,0,0,0,0,0,0,0,0,0,0,0,0,0,0
54,Balogun,Leon,Balogun,14,2,3,a,,2019-02-16T17:31:21Z,4.2,-3,3,1,0.1,15,1.9,591,1,0,0,10,0,0,0,2,0,0,0,86,134,1.1,27,16.2
55,Knockaert,Anthony,Knockaert,11,3,3,a,,2019-04-13T17:01:22Z,5.2,-3,3,0,0.5,74,2.5,1828,2,6,3,41,0,0,0,4,1,0,2,293,389.6,580.8,345,131.4
56,Stephens,Dale,Stephens,6,3,3,a,,2019-02-02T17:01:21Z,4.3,-2,2,0,3,65,2.2,2484,1,1,5,46,0,0,0,6,1,0,4,404,498.2,249.3,88,83.6
57,Kayal,Beram,Kayal,7,3,3,a,,2019-04-27T18:31:24Z,4.4,-1,1,0,0.3,36,2,935,1,1,4,17,0,0,0,4,0,0,0,136,224,59.3,53,33.6
58,March,Solomon,March,20,3,3,a,,2019-04-03T21:01:18Z,4.7,-3,3,1,0.7,94,2.7,2459,1,6,6,40,0,0,0,1,0,0,5,342,474.6,684.5,405,156.6
59,Gross,Pascal,Gross,13,3,3,a,,2019-02-26T22:31:20Z,6.7,-3,3,1,1.5,80,3.2,1864,3,3,3,31,0,0,1,1,0,0,12,347,456,815.3,344,161.7
60,Propper,Davy,Propper,24,3,3,i,Hamstring injury - Unknown return date,2019-04-20T16:31:23Z,4.8,-2,2,0,0.2,72,2.4,2546,1,1,4,45,0,0,0,2,0,0,3,351,389.2,279.1,121,79.2
61,Izquierdo,Jose Heriberto,Izquierdo Mena,19,3,3,i,Knee injury - Unknown return date,2019-05-03T13:31:21Z,5.9,-1,1,0,0.1,31,2.1,789,0,2,3,10,0,0,0,1,0,0,0,95,75.4,77.3,147,30
62,Murray,Glenn,Murray,17,4,3,a,,2019-02-16T17:31:21Z,6.1,-4,4,1,2.8,129,3.4,2501,13,1,4,45,0,0,0,5,0,0,16,337,478,190,835,148.1
63,Hemed,Tomer,Hemed,25,4,3,u,Season-long loan to Queens Park Rangers,2018-08-23T13:01:11Z,4.9,-1,1,0,0.1,0,0,0,0,0,0,0,0,0,0,0,0,0,0,0,0,0,0,0
64,Baldock,Sam,Baldock,9,4,3,u,Transferred to Reading,2018-08-01T08:30:27Z,4.5,0,0,0,0.3,0,0,0,0,0,0,0,0,0,0,0,0,0,0,0,0,0,0,0
65,Locadia,Jurgen,Locadia,9,4,3,a,,2019-04-04T12:31:19Z,5.3,-2,2,1,0.3,52,2,1225,2,0,3,21,0,0,0,1,0,0,6,155,154.4,190.8,356,69.7
66,Andone,Florin,Andone,10,4,3,a,,2019-03-09T13:01:19Z,5,0,0,0,0.2,38,1.7,866,3,0,2,14,0,0,0,5,0,0,2,74,147.2,48.6,361,54.9
179,Button,David,Button,27,1,3,a,,2018-11-08T15:31:14Z,4,0,0,0,2.3,15,3.8,360,0,0,1,5,0,0,0,0,0,14,2,76,89.2,0,0,8.9
439,Steele,Jason,Steele,23,1,3,a,,,3.9,-1,1,0,1.3,0,0,0,0,0,0,0,0,0,0,0,0,0,0,0,0,0,0,0
440,Bernardo,Bernardo,Fernandes da Silva Junior,30,2,3,a,,2019-01-03T00:01:17Z,4.2,-3,3,0,0.1,39,1.8,1749,0,1,2,29,0,0,0,4,0,0,0,290,444.2,172.6,83,70
466,Bissouma,Yves,Bissouma,8,3,3,a,,2019-01-17T14:01:18Z,4.6,-4,4,0,0,43,1.5,1764,0,0,3,32,0,0,0,5,0,0,0,170,253.4,213,201,66.8
476,Jahanbakhsh,Alireza,Jahanbakhsh,16,3,3,a,,2018-12-20T15:31:16Z,6.7,-3,3,0,0.6,33,1.7,1014,0,0,5,16,0,0,0,2,0,0,0,61,94.4,104,162,35.5
503,Montoya,Martin,Montoya,22,2,3,a,,,4.3,-2,2,0,0.2,45,1.8,2166,0,1,3,41,0,0,0,4,0,0,1,351,437.6,289.2,58,78.6
551,Gyokeres,Viktor,Gyokeres,42,4,3,a,,,4.5,0,0,0,0.1,0,0,0,0,0,0,0,0,0,0,0,0,0,0,0,0,0,0,0
559,White,Ben,White,28,2,3,u,Season-long loan to Peterborough,2019-01-07T10:30:21Z,4,0,0,0,0,0,0,0,0,0,0,0,0,0,0,0,0,0,0,0,0,0,0,0
572,Sanders,Max,Sanders,41,3,3,a,,2019-02-16T17:31:21Z,4.5,0,0,0,0,0,0,0,0,0,0,0,0,0,0,0,0,0,0,0,0,0,0,0
582,Burn,Dan,Burn,33,2,3,a,,,4.5,0,0,0,0,0,0,0,0,0,0,0,0,0,0,0,0,0,0,0,0,0,0,0
617,Molumby,Jayson,Molumby,,3,3,a,,,4.5,0,0,0,0,0,0,0,0,0,0,0,0,0,0,0,0,0,0,0,0,0,0,0
67,Heaton,Tom,Heaton,1,1,4,a,,2018-08-12T12:31:12Z,4.8,-2,2,0,0.5,58,3.1,1710,0,0,4,27,0,0,0,3,0,63,4,323,442.8,20.1,4,46.6
68,Pope,Nick,Pope,29,1,4,a,,2018-07-27T07:01:08Z,4.8,-2,2,0,0.2,0,0,0,0,0,0,0,0,0,0,0,0,0,0,0,0,0,0,0
69,Lowton,Matthew,Lowton,2,2,4,a,,2019-01-24T16:01:21Z,4.6,-4,4,0,0.2,34,1.6,1748,0,0,4,41,0,0,0,7,0,0,1,269,338,158.6,48,54.6
70,Mee,Ben,Mee,6,2,4,a,,,4.6,-4,4,0,1.6,81,2.1,3420,0,2,8,68,2,0,0,9,0,0,5,572,885.4,113.8,238,123.9
71,Ward,Stephen,Ward,23,2,4,a,,2018-10-16T15:31:15Z,4.7,-3,3,0,0.5,7,2.3,228,0,0,1,6,0,0,0,1,0,0,0,44,48.4,17.2,19,8.5
72,Tarkowski,James,Tarkowski,5,2,4,a,,2019-05-10T16:31:22Z,4.7,-3,3,1,4.2,97,2.8,3086,3,2,7,63,0,0,0,8,0,0,7,524,1023.2,69.8,450,154.5
73,Long,Kevin,Long,28,2,4,a,,2019-02-07T16:01:20Z,4.1,-4,4,0,0.3,16,2.7,513,0,1,1,9,0,0,0,0,0,0,0,101,147.8,11.6,8,16.8
74,Taylor,Charlie,Taylor,3,2,4,a,,,4.4,-1,1,0,0.5,82,2.2,3240,0,1,7,64,0,0,0,2,0,0,2,505,649.4,268.5,30,94.9
75,Bardsley,Phil,Bardsley,26,2,4,a,,2019-04-06T16:31:22Z,4.2,-3,3,0,0.1,33,1.7,1670,0,0,4,27,1,0,0,9,0,0,0,224,267.8,139.6,66,47.4
76,Gudmundsson,Johann Berg,Gudmundsson,7,3,4,a,,2019-03-26T16:01:22Z,5.5,-5,5,1,1,92,3.2,1743,3,7,5,39,0,0,0,2,0,0,6,339,456.2,574.1,380,141.1
77,Defour,Steven,Defour,16,3,4,i,Calf injury - Unknown return date,2019-01-31T16:01:19Z,5.3,-2,2,0,0,10,1.7,449,0,0,0,14,0,0,0,0,0,0,0,70,61.4,36.6,0,9.9
78,Hendrick,Jeff,Hendrick,13,3,4,a,,,5.2,-3,3,1,0.2,73,2.3,2058,2,2,4,44,0,0,0,4,0,0,3,243,233.8,205.3,269,70.6
79,Brady,Robbie,Brady,12,3,4,a,,2019-05-03T21:01:20Z,5.4,-1,1,0,0,20,1.3,714,0,1,1,17,0,0,0,3,1,0,0,77,102,194.1,85,38.2
80,Westwood,Ashley,Westwood,18,3,4,a,,2019-02-26T22:31:20Z,4.6,1,-1,1,3.1,111,3.3,2821,2,8,7,55,0,0,0,5,0,0,10,518,623,643.1,253,152.3
81,Walters,Jonathan,Walters,,3,4,n,Retired from professional football on 22/3. - Unknown return date,2018-08-30T16:31:13Z,4.7,-3,3,0,0,0,0,0,0,0,0,0,0,0,0,0,0,0,0,0,0,0,0,0
82,Cork,Jack,Cork,4,3,4,a,,2018-11-10T14:01:14Z,4.6,-4,4,0,0.5,87,2.4,3312,1,2,8,63,0,0,0,6,0,0,0,446,491.4,309.7,240,104.3
83,Lennon,Aaron,Lennon,25,3,4,a,,2018-12-19T01:01:16Z,4.9,-1,1,1,0.3,41,2.6,1214,1,1,3,22,0,0,0,1,0,0,2,133,151.6,121.2,108,38
84,Vokes,Sam,Vokes,9,4,4,u,Transferred to Stoke City,2019-01-31T19:31:20Z,5.3,-2,2,0,0.6,48,2.4,907,3,0,2,20,0,0,0,0,0,0,7,130,152,108.6,292,54.3
85,Barnes,Ashley,Barnes,10,4,4,a,,2018-07-24T09:01:08Z,5.6,-4,4,1,2.1,122,3.3,2378,12,3,7,41,1,0,0,8,0,0,13,394,581.2,309.9,1042,192.9
86,Wells,Nahki,Wells,21,4,4,u,Season-long loan to Queens Park Rangers,2018-08-23T23:01:12Z,4.5,0,0,0,0.8,0,0,0,0,0,0,0,0,0,0,0,0,0,0,0,0,0,0,0
87,Wood,Chris,Wood,11,4,4,a,,2018-08-12T12:31:12Z,6.3,-2,2,3,1.4,131,3.4,2580,10,3,7,49,0,0,0,2,0,0,17,379,475.8,310.3,911,167.9
485,Lindegaard,Anders,Lindegaard,22,1,4,a,,,4.3,-2,2,0,0.1,0,0,0,0,0,0,0,0,0,0,0,0,0,0,0,0,0,0,0
490,Hart,Joe,Hart,20,1,4,a,,,4.2,-3,3,2,4.4,69,3.6,1710,0,0,4,41,0,1,0,0,0,77,7,378,594.6,10.1,0,60.3
491,Gibson,Ben,Gibson,14,2,4,a,,2018-09-03T16:31:13Z,4.8,-2,2,0,0.1,6,6,62,1,0,0,3,0,0,0,1,0,0,0,17,42.4,0.4,33,7.6
495,Vydra,Matej,Vydra,27,4,4,a,,2018-08-10T14:31:13Z,5.6,-4,4,0,0,21,1.6,310,1,1,0,7,0,0,0,1,0,0,0,61,70.4,33.7,114,21.4
534,McNeil,Dwight,McNeil,31,3,4,a,,,4.4,-1,1,0,0.8,75,3.6,1590,3,4,5,25,0,0,0,2,0,0,6,305,405.2,442.8,279,112.5
564,Koiki,Abd-Al-Ali Morakinyo Olaposi,Koiki,42,2,4,u,Season-long loan to Swindon Town,2019-01-10T17:01:18Z,4,0,0,0,0,0,0,0,0,0,0,0,0,0,0,0,0,0,0,0,0,0,0,0
583,Benson,Josh,Benson,46,3,4,a,,,4.5,0,0,0,0,0,0,0,0,0,0,0,0,0,0,0,0,0,0,0,0,0,0,0
590,Crouch,Peter,Crouch,15,4,4,a,,2019-04-04T14:31:22Z,4.4,-1,1,0,0.9,8,1.3,86,0,1,0,3,0,0,0,1,0,0,0,24,7.6,1.6,115,12.3
615,Driscoll-Glennon,Anthony,Driscoll-Glennon,45,2,4,a,,,4,0,0,0,0,0,0,0,0,0,0,0,0,0,0,0,0,0,0,0,0,0,0,0
33,Arter,Harry,Arter,7,3,5,a,,2019-04-16T22:31:21Z,4.9,-1,1,0,0.2,48,1.9,1999,0,1,7,39,0,0,0,10,0,0,0,225,230.6,188.8,170,58.9
88,Etheridge,Neil,Etheridge,1,1,5,a,,,4.6,1,-1,5,10.2,154,4.1,3420,0,0,10,69,0,3,0,2,0,141,18,775,1116.8,21,0,113.6
89,Smithies,Alex,Smithies,12,1,5,a,,2019-04-12T10:31:19Z,4.2,-3,3,0,0.1,0,0,0,0,0,0,0,0,0,0,0,0,0,0,0,0,0,0,0
90,Morrison,Sean,Morrison,4,2,5,a,,2019-01-18T12:01:18Z,4.7,-3,3,1,0.4,97,2.9,3039,1,4,9,63,0,0,0,6,0,0,5,477,673.4,239,580,149.4
91,Bamba,Sol,Bamba,22,2,5,i,Knee injury - Unknown return date,2019-03-02T17:31:20Z,4.4,-1,1,1,1.5,95,3.4,2475,4,1,7,52,0,0,0,7,0,0,11,459,787,51.4,304,114.2
92,Ecuele Manga,Bruno,Ecuele Manga,5,2,5,a,,,4.4,-1,1,0,0.4,97,2.6,3375,0,1,10,67,0,0,0,0,0,0,4,581,722,105.5,172,100.4
93,Connolly,Matthew,Connolly,16,2,5,i,Ankle injury - Unknown return date,2019-03-29T12:01:20Z,3.8,-2,2,0,2.8,0,0,0,0,0,0,0,0,0,0,0,0,0,0,0,0,0,0,0
94,Bennett,Joe,Bennett,3,2,5,a,,2019-03-09T18:01:19Z,4.4,-1,1,0,0.4,77,2.6,2639,0,1,9,50,0,0,0,5,0,0,4,433,442.8,237.1,98,77.8
95,Peltier,Lee,Peltier,2,2,5,a,,2019-02-25T12:01:21Z,3.9,-1,1,1,4,43,2.1,1542,0,0,5,26,0,0,0,4,0,0,1,232,267.2,49.5,15,33.1
96,Jazz Richards,Ashley Darel Jazz,Richards,6,2,5,a,,2019-03-29T12:01:20Z,3.9,-1,1,0,0.5,2,0.5,129,0,0,0,4,0,0,0,0,0,0,0,15,14.8,1.6,0,1.8
97,Halford,Greg,Halford,,2,5,u,Contract expired,2018-07-09T09:22:51Z,4,0,0,0,0,0,0,0,0,0,0,0,0,0,0,0,0,0,0,0,0,0,0,0
98,Ralls,Joe,Ralls,8,3,5,a,,2019-04-21T17:01:23Z,4.6,-4,4,0,0.1,45,1.6,1954,0,0,5,40,0,0,1,4,1,0,0,232,284.6,481.1,204,96.7
99,Hoilett,David Junior,Hoilett,33,3,5,a,,2018-10-06T14:01:16Z,5,-5,5,1,0.1,82,2.6,2134,3,2,6,46,0,0,0,4,0,0,4,230,313.2,383.4,463,115.3
100,Mendez-Laing,Nathaniel,Mendez-Laing,19,3,5,a,,2018-08-25T18:01:15Z,4.8,-2,2,1,0,63,3.1,978,4,1,4,18,0,0,0,0,0,0,6,253,351.4,255,370,97.8
101,Paterson,Callum,Paterson,13,3,5,i,Ankle injury - Unknown return date,2019-03-25T08:31:21Z,4.8,-7,7,1,0.3,80,3,1993,4,2,5,41,0,0,0,4,0,0,4,227,266.8,311.9,541,111.7
102,Gunnarsson,Aron,Gunnarsson,17,3,5,a,,2019-04-27T17:01:20Z,4.4,-1,1,1,0.6,65,2.3,2266,1,1,6,40,0,0,0,5,0,0,3,290,370.6,217.5,201,78.9
103,Pilkington,Anthony,Pilkington,,3,5,u,Not in Squad,2018-09-06T06:33:08Z,4.4,-1,1,0,0.1,0,0,0,0,0,0,0,0,0,0,0,0,0,0,0,0,0,0,0
104,Damour,Loic,Damour,20,3,5,a,,,4.3,-2,2,0,0.1,2,1,21,0,0,0,2,0,0,0,0,0,0,0,6,0.6,1,8,0.9
105,Ward,Danny,Ward,9,3,5,a,,2018-12-07T12:31:15Z,4.3,-2,2,0,0.2,22,1.6,435,1,0,0,14,0,0,0,0,0,0,0,67,81.8,83.3,168,32.9
106,Murphy,Josh,Murphy,11,3,5,a,,2019-02-01T13:31:21Z,4.8,-2,2,0,0.2,76,2.6,1810,3,2,7,32,0,0,0,2,0,0,3,191,285.6,267,550,109.5
107,Zohore,Kenneth,Zohore,10,4,5,a,,2019-04-27T22:31:22Z,4.6,-4,4,0,0.5,33,1.7,741,1,1,2,19,0,0,0,1,0,0,2,93,103.6,159.5,270,53.3
108,Bogle,Omar,Bogle,30,4,5,u,Season-long loan to Birmingham City,2018-08-08T08:43:30Z,4.5,0,0,0,0.1,0,0,0,0,0,0,0,0,0,0,0,0,0,0,0,0,0,0,0
109,Madine,Gary,Madine,24,4,5,a,,2019-01-08T09:31:17Z,4.4,-1,1,0,0.9,5,1,32,0,0,0,3,0,0,0,0,0,0,0,13,2,1.5,8,1
110,Reid,Bobby,Reid,14,4,5,a,,,5.2,-3,3,2,0.9,80,3,1413,5,3,4,30,0,0,0,0,0,0,9,276,296.6,224.4,392,91
176,Niasse,Oumar,Niasse,29,4,5,a,,2019-02-22T22:31:20Z,5,-5,5,0,0.4,30,1.7,988,0,0,5,13,0,0,0,0,0,0,0,29,70.8,85.7,317,47.1
467,Cunningham,Greg,Cunninghamm,18,2,5,a,,2018-12-22T16:31:16Z,4.1,-4,4,0,0,9,1.3,630,0,0,1,17,0,0,0,3,0,0,0,72,106.4,69.7,19,19.6
504,Camarasa,Victor,Camarasa,21,3,5,a,,2019-05-04T19:01:24Z,4.4,-1,1,1,2.2,106,3.3,2569,5,4,9,53,0,0,0,6,0,0,5,398,515.8,798.4,387,170.2
535,Harris,Kadeem,Harris,23,3,5,a,,2019-01-06T17:01:16Z,4.5,0,0,0,0,24,1.8,365,1,1,1,6,0,0,0,1,0,0,0,80,90.4,87.7,89,26.7
537,Brian Murphy,Brian,Murphy,28,1,5,a,,,4,0,0,0,0.2,0,0,0,0,0,0,0,0,0,0,0,0,0,0,0,0,0,0,0
573,Healey,Rhys,Healey,32,4,5,a,,,4.5,0,0,0,0.1,3,1,49,0,0,0,1,0,0,0,0,0,0,0,7,4.2,10.9,12,2.7
589,Bacuna,Leandro,Bacuna,15,2,5,a,,,4.3,-2,2,0,0,17,1.5,554,0,1,1,14,0,0,0,2,0,0,0,81,69,30.2,22,12
111,Courtois,Thibaut,Courtois,13,1,6,u,Transferred to Real Madrid,2018-08-09T06:49:10Z,5.5,0,0,0,0.5,0,0,0,0,0,0,0,0,0,0,0,0,0,0,0,0,0,0,0
112,Caballero,Willy,Caballero,13,1,6,a,,,4.7,-3,3,0,0.1,13,6.5,180,0,0,2,0,0,0,0,0,0,3,0,45,24.6,1,0,2.6
113,Azpilicueta,Cesar,Azpilicueta,28,2,6,a,,,6.4,-1,1,2,9.6,158,4.2,3402,1,6,16,39,0,0,0,4,0,0,11,822,815,525.1,286,163.2
114,Cahill,Gary,Cahill,24,2,6,a,,2019-05-02T00:01:20Z,5,-5,5,0,0.5,2,1,22,0,0,0,0,0,0,0,0,0,0,0,6,4.8,0,0,0.5
115,Alonso,Marcos,Alonso,3,2,6,a,,2019-04-19T17:01:20Z,6.2,-3,3,4,22.1,161,5.2,2759,2,8,14,28,0,0,0,6,0,0,21,702,619,520.1,475,161.7
116,David Luiz,David,Luiz Moreira Marinho,30,2,6,a,,2018-07-05T14:31:07Z,5.8,3,-3,4,11.7,164,4.6,3238,3,2,16,36,0,0,0,3,0,0,19,794,859,358.7,363,158
117,Moses,Victor,Moses,15,2,6,u,Season-long loan to Fenerbahce ,2019-01-25T14:31:20Z,5.5,-5,5,0,1.2,2,1,26,0,0,0,1,0,0,0,0,0,0,0,3,1.2,12.7,6,2
118,Rudiger,Antonio,Rudiger,2,2,6,i,Knee injury - Unknown return date,2019-04-28T17:31:25Z,5.9,-1,1,2,2.9,116,3.5,2871,1,2,12,35,0,0,0,7,0,0,9,609,566.8,143.6,273,98.5
119,Christensen,Andreas,Christensen,27,2,6,a,,2019-05-10T00:01:21Z,5,-5,5,0,0.4,22,2.8,615,0,0,3,7,0,0,0,1,0,0,0,133,120.6,8.4,6,13.6
120,Zappacosta,Davide,Zappacosta,21,2,6,a,,2019-03-14T22:31:19Z,5,-5,5,0,0.1,9,2.3,125,0,0,1,0,0,0,0,0,0,0,0,30,17.4,14.7,29,6.1
121,Emerson,Emerson,Palmieri dos Santos,33,2,6,a,,2018-09-14T15:31:13Z,5.2,-3,3,0,0.2,22,2.2,660,0,0,2,11,0,0,0,0,0,0,1,130,104.6,113.8,81,30
122,Hazard,Eden,Hazard,10,3,6,a,,2019-04-19T10:01:20Z,11,5,-5,9,27.2,238,6.4,2918,16,15,12,35,0,0,0,2,0,0,35,879,1306.2,1471.2,1546,432.7
123,Fabregas,Cesc,Fabregas,4,3,6,u,Signed for Monaco on a permanent deal,2019-01-05T21:01:16Z,6.2,-3,3,0,0.3,6,1,175,0,0,0,2,0,0,0,1,0,0,0,36,37,58.5,14,10.9
124,Willian,Willian,Borges Da Silva,22,3,6,a,,2019-04-28T17:31:25Z,7.1,-4,4,0,3.8,108,3.4,2091,3,7,11,25,0,0,0,2,0,0,6,475,557.6,1165.5,742,246.7
125,Pedro,Pedro,Rodriguez Ledesma,11,3,6,a,,2019-04-04T09:31:19Z,6.2,-3,3,2,3.3,112,3.6,1768,8,2,7,19,0,0,0,2,0,0,12,440,530.2,503.5,733,176.5
126,Kante,N'Golo,Kante,7,3,6,a,,2019-05-05T15:31:23Z,4.9,-1,1,1,15.8,116,3.2,3092,4,4,14,38,0,0,0,3,0,0,3,563,683.6,766.3,412,186.4
127,Barkley,Ross,Barkley,8,3,6,a,,2018-12-02T12:01:14Z,5,-10,10,2,1.3,79,2.9,1231,3,5,7,13,0,0,0,1,0,0,5,300,324,349,429,110
128,Drinkwater,Daniel,Drinkwater,6,3,6,a,,2019-02-24T20:01:23Z,4.6,-4,4,0,0.1,0,0,0,0,0,0,0,0,0,0,0,0,0,0,0,0,0,0,0
129,Bakayoko,Tiemoue,Bakayoko,14,3,6,u,Season-long loan to Milan,2018-08-15T09:18:32Z,4.9,-1,1,0,0.1,0,0,0,0,0,0,0,0,0,0,0,0,0,0,0,0,0,0,0
130,Ampadu,Ethan,Ampadu,44,3,6,a,,2019-03-20T09:01:21Z,4.4,-1,1,0,0,0,0,0,0,0,0,0,0,0,0,0,0,0,0,0,0,0,0,0
131,Hudson-Odoi,Callum,Hudson-Odoi,20,3,6,i,Achilles injury - Unknown return date,2019-04-22T20:31:23Z,4.2,-3,3,0,2.2,18,1.8,388,0,1,2,5,0,0,0,0,0,0,1,83,89.2,143.2,133,36.2
132,Loftus-Cheek,Ruben,Loftus-Cheek,12,3,6,i,Achilles injury - Unknown return date,2019-05-17T08:31:11Z,5.2,-3,3,2,0.8,79,3.3,980,6,2,5,9,0,0,0,0,0,0,6,292,391.6,254.9,346,99.4
133,Giroud,Olivier,Giroud,18,4,6,a,,2018-12-30T17:01:16Z,7.7,-3,3,0,1.9,55,2,828,2,4,6,5,0,0,0,1,0,0,2,169,183.2,253.6,519,94.5
134,Morata,Álvaro,Morata,29,4,6,u,Joined Atletico Madrid on loan until the end of the 2019/20 season,2019-01-28T16:01:22Z,8.4,-6,6,1,1.3,46,2.9,936,5,0,6,11,0,0,0,3,0,0,3,119,219.8,130.2,523,86.3
459,Jorginho,Jorge Luiz,Frello Filho,5,3,6,a,,,4.6,-4,4,1,5.8,96,2.6,3156,2,0,16,37,0,0,0,8,0,0,4,577,691.4,628.4,122,144.2
496,Abraham,Tammy,Abraham,19,4,6,u,Season-long loan to Aston Villa,2018-08-31T19:01:13Z,5.4,-1,1,0,0.1,0,0,0,0,0,0,0,0,0,0,0,0,0,0,0,0,0,0,0
498,Kepa,Kepa,Arrizabalaga,1,1,6,a,,,5.4,-1,1,2,4.9,142,3.9,3240,0,0,14,39,0,1,0,2,0,82,7,685,681,0.1,0,68
499,Kovacic,Mateo,Kovacic,17,3,6,a,,2018-12-16T13:31:16Z,5.7,-3,3,0,0.7,64,2,1725,0,2,9,19,0,0,0,3,0,0,2,343,315.4,468.8,311,109.9
579,Higuain,Gonzalo,Higuaín,9,4,6,a,,2019-03-13T18:01:18Z,9,-5,5,1,1.5,53,3.8,1084,5,0,5,15,0,0,0,0,0,0,6,178,240.4,241.7,644,112
624,Guehi,Addji Keaninkin Marc-Israel,Guehi,,2,6,a,,,4,0,0,0,0,0,0,0,0,0,0,0,0,0,0,0,0,0,0,0,0,0,0,0
135,Hennessey,Wayne,Hennessey,13,1,7,a,,2019-01-16T10:01:19Z,4.4,-1,1,1,2.4,67,3.7,1575,0,0,5,26,0,1,0,0,0,44,6,311,358.8,0,0,35.9
136,Speroni,Julian,Speroni,1,1,7,a,,2019-02-08T15:01:21Z,3.9,-1,1,0,10.1,1,1,90,0,0,0,4,0,0,0,0,0,5,0,16,31.4,0,0,3.1
137,Guaita,Vicente,Guaita,31,1,7,a,,2019-01-12T17:31:18Z,4.3,-2,2,2,2.4,81,4,1754,0,0,7,23,0,0,0,2,0,64,8,378,448,0,0,44.8
138,Tomkins,James,Tomkins,5,2,7,i,Groin Injury - Unknown return date,2019-04-06T16:31:22Z,4.3,-2,2,0,2.3,86,3,2561,1,1,10,37,0,0,0,6,0,0,0,504,560.8,83,276,92.3
139,Dann,Scott,Dann,6,2,7,a,,2019-05-10T13:01:20Z,4.4,-1,1,0,0.1,23,2.3,661,0,1,2,10,0,0,0,1,0,0,0,129,186.2,22.5,71,28.1
140,Kelly,Martin,Kelly,34,2,7,a,,2019-02-22T13:31:20Z,3.9,-1,1,0,5,26,2,1110,0,0,3,21,1,0,0,2,0,0,1,166,269.8,17.1,34,32.2
141,Schlupp,Jeffrey,Schlupp,15,2,7,i,Ankle injury - Unknown return date,2019-04-14T15:31:23Z,4.3,-2,2,2,2.5,91,3,1660,4,3,4,26,0,0,0,1,0,0,3,301,385.2,240.5,430,105.7
142,van Aanholt,Patrick,van Aanholt,3,2,7,a,,2018-12-08T17:31:17Z,5.5,0,0,3,5.7,140,3.9,3196,3,2,12,46,0,0,0,3,0,0,17,626,616,520.4,448,158.7
143,Sakho,Mamadou,Sakho,12,2,7,i,Knee injury - Unknown return date,2019-02-23T20:01:19Z,4.9,-1,1,0,1.2,88,3.3,2416,0,0,9,35,0,0,0,2,0,0,13,533,540.6,78.2,47,66.6
144,Riedewald,Jairo,Riedewald,44,2,7,a,,2018-09-25T23:31:12Z,4.3,-2,2,0,0,0,0,0,0,0,0,0,0,0,0,0,0,0,0,0,0,0,0,0
145,Wan-Bissaka,Aaron,Wan-Bissaka,29,2,7,a,,2019-03-23T19:01:21Z,4.6,6,-6,2,26.3,120,3.4,3134,0,3,12,47,0,0,0,4,1,0,18,672,863.4,266.8,139,127.1
147,McArthur,James,McArthur,18,3,7,a,,,4.9,-1,1,1,3.4,121,3.2,3057,3,7,11,49,0,0,0,7,0,0,7,500,666.8,457.2,487,161.3
148,Sako,Bakary,Sako,26,3,7,a,,2019-03-14T13:31:19Z,4.9,-1,1,0,0,4,1,26,0,0,0,2,0,0,0,0,0,0,0,10,3,0.5,0,0.3
149,Townsend,Andros,Townsend,10,3,7,a,,,5.6,-4,4,2,3.5,135,3.6,3007,6,5,11,46,0,0,0,1,0,0,8,520,743,928.5,622,229.6
150,Milivojevic,Luka,Milivojevic,4,3,7,a,,,6.5,0,0,4,10.6,166,4.4,3420,12,2,12,53,0,0,1,10,0,0,24,741,1078.2,910.1,473,246.3
151,Zaha,Wilfried,Zaha,11,4,7,a,,2019-03-16T15:31:20Z,7,0,0,1,15.6,143,4.2,3037,10,11,11,49,0,0,0,8,1,0,13,459,752.8,753.3,1200,270.6
152,Benteke,Christian,Benteke,17,4,7,a,,2019-05-02T13:31:22Z,6.3,-2,2,0,0.5,33,2.1,807,1,1,3,13,0,0,0,1,0,0,3,65,106,118.4,348,56.1
153,Sorloth,Alexander,Sorloth,9,4,7,u,Season-long loan to KAA Gent,2019-01-08T23:01:17Z,4.8,-2,2,0,0.1,12,1,173,0,0,0,3,0,0,0,0,0,0,0,32,19.2,38.3,59,11.3
412,Kouyate,Cheikhou,Kouyate,8,3,7,a,,2019-01-30T23:01:18Z,4.7,-3,3,0,0.2,67,2.2,1889,0,3,9,30,0,0,0,3,0,0,0,251,337.4,198.5,222,75.6
441,Ward,Joel,Ward,2,2,7,a,,2018-11-10T16:31:13Z,4.3,-2,2,0,0.2,13,1.9,551,1,0,0,14,0,0,0,1,0,0,0,68,131.8,28.9,43,20.5
442,Jach,Jaroslaw,Jach,33,2,7,u,Season-long loan to Caykur Rizespor,2018-07-25T08:16:36Z,4,0,0,0,0,0,0,0,0,0,0,0,0,0,0,0,0,0,0,0,0,0,0,0
443,Souare,Pape,Souare,27,2,7,a,,2019-04-26T15:31:23Z,4.2,-3,3,0,0.1,1,1,1,0,0,0,0,0,0,0,0,0,0,0,3,1,0.1,0,0.1
444,Wickham,Connor,Wickham,21,4,7,a,,2018-11-02T14:31:13Z,4.9,-1,1,0,0.1,9,1.5,61,0,1,0,1,0,0,0,0,0,0,0,23,23.2,41.9,55,12
477,Kaikai,Sullay,Kaikai,25,3,7,u,Transferred to NAC Breda,2019-01-23T10:34:27Z,4.3,-2,2,0,0.1,0,0,0,0,0,0,0,0,0,0,0,0,0,0,0,0,0,0,0
486,Meyer,Max,Meyer,7,3,7,a,,2019-04-07T00:31:20Z,5.5,-5,5,0,0.2,60,2.1,1405,1,3,6,24,0,0,0,3,0,0,0,223,236,309.9,433,98
505,Ayew,Jordan,Ayew,14,4,7,a,,,5.7,-3,3,0,0.2,46,2.3,1176,1,3,5,13,0,0,0,3,0,0,2,114,140.2,207.3,421,76.7
576,Tupper,Joe,Tupper,41,1,7,a,,,4,0,0,0,0,0,0,0,0,0,0,0,0,0,0,0,0,0,0,0,0,0,0,0
584,Perri,Lucas,Perri,22,1,7,a,,,4,0,0,0,0,0,0,0,0,0,0,0,0,0,0,0,0,0,0,0,0,0,0,0
592,Batshuayi,Michy,Batshuayi,23,4,7,a,,2019-02-01T16:31:21Z,6.2,-3,3,1,0.8,48,4.4,748,5,1,3,11,0,0,0,0,0,0,5,159,198.6,41.4,406,64.2
609,Woods,Sam,Woods,35,2,7,a,,,4,0,0,0,0,0,0,0,0,0,0,0,0,0,0,0,0,0,0,0,0,0,0,0
618,Dreher,Luke,Dreher,,3,7,a,,,4.5,0,0,0,0,1,1,1,0,0,0,0,0,0,0,0,0,0,0,3,0.2,0.6,0,0.1
619,Tavares,Nikola,Tavares,,2,7,a,,,4,0,0,0,0,0,0,0,0,0,0,0,0,0,0,0,0,0,0,0,0,0,0,0
154,Pickford,Jordan,Pickford,1,1,8,a,,,4.9,-1,1,2,13.3,161,4.2,3420,0,0,14,46,0,3,0,1,0,94,13,706,776.4,10,0,78.5
155,Stekelenburg,Maarten,Stekelenburg,22,1,8,a,,2018-07-05T14:31:07Z,3.9,-1,1,0,3.4,0,0,0,0,0,0,0,0,0,0,0,0,0,0,0,0,0,0,0
156,Baines,Leighton,Baines,3,2,8,a,,2019-03-01T16:01:19Z,5,-5,5,0,0.5,7,1.2,374,0,0,0,6,0,0,0,0,0,0,0,48,48.4,91.4,15,15.4
157,Coleman,Seamus,Coleman,23,2,8,a,,2019-05-10T13:31:22Z,5.2,-3,3,3,1.6,125,4.3,2558,2,2,13,30,1,0,0,1,0,0,12,548,515.2,387.3,274,117.6
158,Jagielka,Phil,Jagielka,6,2,8,a,,2019-03-07T15:31:19Z,4.3,-2,2,1,0.6,22,3.1,329,1,0,2,4,0,0,0,0,1,0,3,80,82.2,21.4,43,14.6
159,Williams,Ashley,Williams,5,2,8,u,Season-long loan to Stoke,2018-08-03T09:26:19Z,4.5,0,0,0,0,0,0,0,0,0,0,0,0,0,0,0,0,0,0,0,0,0,0,0
160,Holgate,Mason,Holgate,2,2,8,u,Season-long loan to West Bromwich Albion,2018-12-31T15:31:17Z,4.3,-2,2,0,0.1,5,1,407,0,0,0,9,0,0,0,1,0,0,0,61,92.2,5,2,9.9
161,Kenny,Jonjoe,Kenny,43,2,8,a,,2018-11-02T18:01:13Z,4.1,-4,4,0,0.2,19,1.9,789,0,1,1,15,0,0,0,1,0,0,0,134,166.2,102.7,12,28
162,Keane,Michael,Keane,4,2,8,a,,2019-04-07T13:31:20Z,4.8,-2,2,3,4.3,129,3.9,2970,1,2,13,39,0,0,0,2,0,0,15,642,740.2,101.2,326,117.2
163,Martina,Cuco,Martina,15,2,8,u,Season-long loan to Stoke,2018-08-17T15:01:12Z,4.5,0,0,0,0,0,0,0,0,0,0,0,0,0,0,0,0,0,0,0,0,0,0,0
164,Walcott,Theo,Walcott,11,3,8,a,,2019-04-25T14:31:22Z,5.9,-6,6,1,2.5,101,2.7,2108,5,3,6,33,0,0,0,1,0,0,4,292,420,342.9,699,145.7
165,Bolasie,Yannick,Bolasie,,3,8,u,Season-long loan to Aston Villa,2018-08-26T07:54:10Z,5.8,-2,2,0,0.1,0,0,0,0,0,0,0,0,0,0,0,0,0,0,0,0,0,0,0
166,McCarthy,James,McCarthy,16,3,8,a,,2018-07-05T14:31:07Z,4.4,-1,1,0,0,1,1,14,0,0,0,0,0,0,0,0,0,0,0,3,5.2,0.1,0,0.5
167,Schneiderlin,Morgan,Schneiderlin,18,3,8,a,,2019-04-08T14:01:19Z,4.2,-3,3,0,1.8,28,2,832,0,1,5,9,0,0,0,2,0,0,0,152,151.6,124.7,17,29.4
168,Gueye,Idrissa,Gueye,17,3,8,a,,2019-01-29T22:01:21Z,4.7,-3,3,0,0.3,78,2.4,2821,0,2,13,31,0,0,0,6,0,0,0,472,629.2,311.3,168,111.1
169,Davies,Tom,Davies,26,3,8,a,,,5,-5,5,0,0.1,26,1.6,975,0,0,2,19,0,0,0,3,0,0,0,127,122.6,96.2,103,32.1
170,Lookman,Ademola,Lookman,31,3,8,a,,2018-12-26T18:31:15Z,4.9,-6,6,0,0.1,34,1.6,600,0,3,1,8,0,0,0,0,0,0,0,110,131.4,172.1,211,51.6
171,Klaassen,Davy,Klaassen,20,3,8,u,Transferred to Werder Bremen,2018-07-27T13:20:35Z,6,0,0,0,0,0,0,0,0,0,0,0,0,0,0,0,0,0,0,0,0,0,0,0
172,Sigurdsson,Gylfi,Sigurdsson,10,3,8,a,,2018-11-11T17:31:14Z,7.4,-1,1,3,8.3,182,4.8,3122,13,6,15,41,0,0,3,3,0,0,20,662,959.8,1098.5,1084,314.2
173,Vlasic,Nikola,Vlasic,27,3,8,u,Season-long loan to CSKA Moscow,2018-08-16T07:11:50Z,5,0,0,0,0,0,0,0,0,0,0,0,0,0,0,0,0,0,0,0,0,0,0,0
174,Baningime,Beni,Baningime,34,3,8,u,Season-long loan to Wigan Athletic,2019-01-31T23:01:20Z,4.3,-2,2,0,0,0,0,0,0,0,0,0,0,0,0,0,0,0,0,0,0,0,0,0
175,Calvert-Lewin,Dominic,Calvert-Lewin,29,4,8,a,,2019-05-10T13:31:22Z,5.4,-1,1,0,1.9,92,2.6,1769,6,5,8,26,0,0,0,3,0,0,3,267,321.8,185.7,618,111.5
177,Tosun,Cenk,Tosun,14,4,8,a,,,6.4,-6,6,0,1.5,56,2.2,1044,3,3,1,17,0,0,0,3,0,0,3,166,212.6,172.2,546,92.8
393,Richarlison,Richarlison,de Andrade,30,3,8,a,,2019-05-03T21:01:20Z,6.4,-1,1,2,13.3,153,4.4,2662,13,3,11,36,0,0,0,5,1,0,12,400,698.4,350.7,1209,224.5
469,Mirallas,Kevin,Mirallas,8,3,8,u,Season-long loan to Fiorentina,2018-08-05T06:50:01Z,5.5,0,0,0,0,0,0,0,0,0,0,0,0,0,0,0,0,0,0,0,0,0,0,0
470,Sandro,Sandro,Ramírez,9,4,8,u,Season-long loan to Real Sociedad,2018-08-31T09:31:13Z,5.4,-1,1,0,0.1,0,0,0,0,0,0,0,0,0,0,0,0,0,0,0,0,0,0,0
484,Digne,Lucas,Digne,12,2,8,a,,2019-04-21T14:31:21Z,5.4,4,-4,4,10.2,158,4.5,2964,4,5,13,38,1,0,0,5,1,0,22,736,883,1142,300,232.7
506,Mina,Yerry,Mina,13,2,8,a,,2019-03-26T13:31:23Z,5.4,-1,1,0,0.5,36,2.8,891,1,0,3,13,0,0,0,3,0,0,2,176,198.2,37.5,61,29.6
507,Bernard,Bernard,Anacio Caldeira Duarte,20,3,8,a,,2018-08-30T09:01:12Z,5.9,-1,1,0,0.3,88,2.6,2108,1,4,13,19,0,0,0,5,0,0,5,319,366,589.6,377,133.3
508,Andre Gomes,Andre Filipe,Tavares Gomes,8,3,8,a,,2019-04-16T21:01:20Z,5.4,-1,1,1,0.2,64,2.4,1977,1,2,9,28,0,0,0,7,0,0,2,268,268.4,154.6,207,63.1
526,Zouma,Kurt,Zouma,5,2,8,a,,2019-03-11T20:31:20Z,5,0,0,2,1,112,3.5,2613,2,2,10,39,0,0,0,3,1,0,12,543,565.2,83.7,235,88.8
528,Dowell,Kieran,Dowell,28,3,8,u,Season-long loan to Sheffield United,2019-01-01T13:01:17Z,4.5,0,0,0,0,0,0,0,0,0,0,0,0,0,0,0,0,0,0,0,0,0,0,0
532,Browning,Tyias,Browning,35,2,8,u,Joined Guangzhou Evergrande,2019-02-20T14:01:21Z,4,0,0,0,0.1,0,0,0,0,0,0,0,0,0,0,0,0,0,0,0,0,0,0,0
9,Chambers,Calum,Chambers,5,2,9,a,,2018-12-29T15:31:17Z,4.2,-3,3,0,1.1,60,1.9,2586,2,0,5,52,0,0,0,9,0,0,0,431,609,231.9,401,124.5
178,Bettinelli,Marcus,Bettinelli,1,1,9,i,Knee injury - Unknown return date,2019-02-04T15:01:20Z,4.2,-3,3,0,0.3,15,2.1,630,0,0,0,20,0,1,0,1,0,20,0,114,195,0,0,19.4
180,Ream,Tim,Ream,13,2,9,a,,2018-08-10T15:01:13Z,4.2,-3,3,2,0.3,50,1.9,2046,0,0,5,49,0,0,0,1,0,0,4,349,331.6,46.3,3,38.3
181,Odoi,Denis,Odoi,4,2,9,a,,2019-04-27T16:31:22Z,4.4,-1,1,0,0.1,44,1.4,2593,0,1,3,62,1,0,0,4,0,0,2,427,575.2,164.2,93,83.5
182,Cairney,Tom,Cairney,10,3,9,a,,2018-10-27T14:01:14Z,4.6,-4,4,0,0.5,71,2.3,2188,1,1,5,51,0,0,0,0,0,0,3,389,358,586.7,199,114.5
183,McDonald,Kevin,McDonald,6,3,9,a,,2018-11-05T23:01:15Z,4.2,-3,3,0,0.2,17,1.1,837,0,0,0,27,0,0,0,4,1,0,0,123,99.6,71.9,15,18.7
184,Sessegnon,Ryan,Sessegnon,3,3,9,a,,2018-12-15T19:31:16Z,6,-5,5,0,1.9,94,2.7,2291,2,7,3,60,0,0,0,0,0,0,3,295,410.4,468.3,438,132
185,Johansen,Stefan,Johansen,8,3,9,u,Season-long loan to West Bromwich Albion,2019-02-01T00:01:20Z,5,-5,5,0,0,11,0.9,409,0,0,0,12,0,0,0,4,0,0,0,48,48.8,33,7,9
186,Ayite,Floyd,Ayite,11,3,9,a,,2019-04-11T14:31:22Z,4.2,-3,3,0,0.1,24,1.5,466,1,0,0,13,0,0,0,0,0,0,0,91,90,117.5,74,28
187,Kebano,Neeskens,Kebano,7,3,9,a,,2019-01-06T17:01:16Z,4.3,-2,2,0,0,7,1,101,0,0,0,3,0,0,0,0,0,0,0,24,17.6,8.3,8,3.4
188,Fonte,Rui Pedro,da Rocha Fonte,17,3,9,u,Season-long loan to Lille,2018-09-02T07:31:14Z,4.4,-1,1,0,0.1,0,0,0,0,0,0,0,0,0,0,0,0,0,0,0,0,0,0,0
189,Kamara,Aboubakar,Kamara,47,4,9,u,Season-long loan to Yeni Malatyaspor,2019-01-28T17:31:21Z,4.5,0,0,0,5.1,28,2.2,688,3,0,1,17,0,0,1,2,0,0,2,82,150,149.5,244,53.1
455,Le Marchand,Maxime,Le Marchand,20,2,9,a,,2018-12-22T14:01:17Z,4.2,-3,3,0,0.2,38,1.5,2250,0,1,3,53,0,0,0,5,0,0,1,409,577.8,131.7,99,81.2
456,Seri,Jean Michael,Seri,24,3,9,a,,,4.9,-6,6,1,1.3,72,2.3,2239,1,3,3,54,0,0,0,6,0,0,6,422,460.2,849.4,164,147.5
460,Christie,Cyrus,Christie,22,2,9,a,,2019-02-02T17:01:21Z,4.2,-3,3,1,0.2,42,1.5,1941,0,1,3,42,0,0,0,7,0,0,2,278,423.2,293.1,107,82.2
474,Fabri,Fabricio,Agosto Ramírez,31,1,9,a,,,4.2,-3,3,0,0.2,8,4,180,0,0,0,5,0,0,0,0,0,15,2,47,115.2,0,0,11.5
478,Schurrle,Andre,Schurrle,14,3,9,a,,2019-04-25T14:01:21Z,5.5,-5,5,1,2.1,75,3.1,1638,6,0,2,43,0,0,0,2,0,0,2,260,361.8,310.6,474,114
480,Mitrovic,Aleksandar,Mitrovic,9,4,9,a,,2019-03-30T14:31:22Z,6.3,-2,2,3,10.8,134,3.6,3280,11,4,5,78,0,0,0,7,0,0,12,350,638.8,499.5,1593,273.4
487,Mawson,Alfie,Mawson,26,2,9,a,,2018-12-29T20:31:18Z,4.7,-3,3,0,0.1,19,1.3,1130,0,0,1,26,0,0,0,2,0,0,2,174,259.2,23.2,31,31.3
509,Rico,Sergio,Rico,25,1,9,a,,,4.4,-1,1,1,0.7,86,3,2610,0,0,5,56,0,0,0,1,0,111,8,519,851.4,20.3,0,87.1
510,Bryan,Joe,Bryan,23,2,9,a,,2019-01-30T10:01:22Z,4.8,-2,2,0,0.2,52,1.9,2344,0,1,5,54,1,0,0,5,0,0,4,397,469.2,385.4,226,108.1
511,Fosu-Mensah,Timothy,Fosu-Mensah,21,2,9,i,Knee injury - Unknown return date,2019-04-14T15:31:24Z,4.5,0,0,0,0.3,14,1.2,791,0,0,1,18,1,0,0,3,0,0,1,119,136.4,100.3,28,26.4
512,Zambo Anguissa,Andre-Frank,Zambo Anguissa,29,3,9,a,,2019-04-13T17:01:22Z,4.4,-1,1,0,0.1,37,1.7,1512,0,0,3,33,0,0,0,1,1,0,0,235,315.8,137,163,61.4
513,Vietto,Luciano,Vietto,19,4,9,a,,,5.3,-2,2,1,0.4,47,2.4,980,1,4,1,21,0,0,0,1,0,0,4,171,206.2,306.8,346,85.6
521,Cisse,Ibrahima,Cisse,44,3,9,a,,,4.3,-2,2,0,0.1,4,1.3,86,0,0,0,4,0,0,0,0,0,0,0,16,11.6,2.1,0,1.4
541,Steven Sessegnon,Zeze Steven,Sessegnon,43,2,9,a,,,4,0,0,0,0.1,0,0,0,0,0,0,0,0,0,0,0,0,0,0,0,0,0,0,0
575,Babel,Ryan,Babel,12,3,9,a,,2019-03-03T20:01:20Z,5.6,1,-1,2,1.7,75,4.7,1250,5,4,3,26,0,0,0,3,0,0,8,246,322,336.8,355,101.5
593,Nordtveit,Håvard,Nordtveit,16,2,9,a,,2019-02-07T15:31:21Z,4.5,0,0,0,0,8,1.6,361,0,1,0,10,0,0,0,0,0,0,0,70,93,31.4,0,12.4
594,Markovic,Lazar,Markovic,30,3,9,a,,2019-04-11T14:31:23Z,4.7,-3,3,0,0,1,1,45,0,0,0,1,0,0,0,0,0,0,0,3,6.2,13,4,2.3
610,Elliott,Harvey,Elliott,56,3,9,a,,,4,0,0,0,0.6,2,1,18,0,0,0,1,0,0,0,0,0,0,0,7,3.8,1.7,17,2.2
621,De La Torre,Luca,De La Torre,,3,9,a,,,4.5,0,0,0,0,0,0,0,0,0,0,0,0,0,0,0,0,0,0,0,0,0,0,0
146,Puncheon,Jason,Puncheon,42,3,10,a,,2019-03-17T14:31:21Z,4.1,-4,4,0,1,15,1.4,392,0,0,1,9,0,0,0,1,0,0,0,50,43.6,79.9,39,16.3
190,Hamer,Ben,Hamer,12,1,10,a,,2019-04-25T14:01:21Z,3.9,-1,1,0,5.3,9,1.3,552,0,0,0,21,0,0,0,0,0,24,0,98,158,0,0,15.7
191,Lossl,Jonas,Lossl,1,1,10,a,,2019-02-09T17:01:20Z,4.4,-1,1,2,1.5,99,3.2,2777,0,1,5,54,0,1,0,1,0,88,9,541,764.2,40.3,4,80.7
192,Schindler,Christopher,Schindler,26,2,10,a,,2019-03-17T15:31:22Z,4.2,-3,3,1,2,76,2.1,3260,1,1,5,72,0,0,0,4,1,0,7,517,679.4,35.8,169,88.7
193,Lowe,Chris,Lowe,15,2,10,a,,2019-05-10T13:01:20Z,4.4,-1,1,0,0.1,49,1.7,2052,0,4,1,55,0,0,0,2,0,0,6,313,325.8,379.9,183,88.8
194,Smith,Tommy,Smith,2,2,10,a,,2019-02-23T18:01:19Z,4.4,-1,1,0,0.1,9,0.6,1141,0,0,1,37,0,0,0,2,1,0,0,141,161.4,116.2,36,31.5
195,Zanka,Mathias,Jorgensen,25,2,10,a,,2019-05-03T12:31:22Z,4.4,-1,1,0,2.3,67,2.8,2147,3,1,3,38,0,0,0,6,0,0,4,402,544.2,103.7,169,81.9
196,Malone,Scott,Malone,3,2,10,u,Transferred to Derby County,2018-08-09T06:50:04Z,4,0,0,0,1.1,0,0,0,0,0,0,0,0,0,0,0,0,0,0,0,0,0,0,0
197,Hadergjonaj,Florent,Hadergjonaj,33,2,10,a,,,4.3,-2,2,0,0.1,50,2.1,1837,0,0,4,36,0,0,0,1,0,0,1,307,286.8,395.7,80,76.2
198,Kongolo,Terence,Kongolo,5,2,10,a,,2019-04-04T13:31:20Z,4.3,-2,2,1,0.2,60,1.9,2716,1,1,4,65,1,0,0,4,0,0,4,429,581,138.5,160,88.1
199,Mooy,Aaron,Mooy,10,3,10,a,,2019-04-26T10:01:22Z,5,-5,5,1,1,76,2.6,2326,3,1,3,48,0,0,0,4,0,0,5,411,510.8,725.2,359,159.7
200,van La Parra,Rajiv,van La Parra,17,3,10,u,Season-long loan to Middlesbrough,2018-12-20T16:31:16Z,4.6,-4,4,0,0,10,2,405,0,0,1,6,0,0,0,0,0,0,0,13,27.8,57.6,41,12.6
201,Hogg,Jonathan,Hogg,6,3,10,a,,2019-03-02T17:31:20Z,4.4,-1,1,0,0.2,54,1.9,2369,0,1,5,44,0,0,0,8,1,0,3,326,390.4,271.1,70,72.5
202,Billing,Philip,Billing,8,3,10,a,,2019-04-04T13:31:20Z,4.5,0,0,0,1,63,2.3,2187,2,0,5,43,0,0,0,7,0,0,4,317,494.6,341,375,121.3
203,Ince,Tom,Ince,11,3,10,u,Transferred to Stoke,2018-07-24T14:34:21Z,5,0,0,0,0,0,0,0,0,0,0,0,0,0,0,0,0,0,0,0,0,0,0,0
204,Williams,Danny,Williams,19,3,10,a,,2018-12-14T13:31:15Z,4.5,0,0,0,0,6,1.2,94,0,0,1,1,0,0,0,1,0,0,0,12,8.6,11.4,1,2
205,Sabiri,Abdelhamid,Sabiri,29,3,10,a,,2019-04-04T16:01:19Z,4.3,-2,2,0,0,2,1,48,0,0,0,3,0,0,0,0,0,0,0,6,4.2,0.5,2,0.7
206,Pritchard,Alex,Pritchard,21,3,10,a,,,4.8,-2,2,0,0.1,69,2.3,2079,2,0,7,40,0,0,0,2,0,0,2,251,297.4,497.9,546,134
207,Sobhi,Ramadan,Sobhi,14,3,10,u,Season-long loan to Al Ahly,2018-12-31T15:31:17Z,4.7,-3,3,0,0.1,4,1,75,0,0,0,2,0,0,0,0,0,0,0,13,15.4,48.2,6,6.9
208,Bacuna,Juninho,Bacuna,7,3,10,a,,2019-03-17T15:31:22Z,4.2,-3,3,1,0.4,39,1.9,1410,1,0,0,37,0,0,0,4,0,0,1,179,246.4,278.8,131,65.9
209,Quaner,Collin,Quaner,23,4,10,a,,2019-01-08T23:01:17Z,4.3,-2,2,0,3.5,2,1,37,0,0,0,2,0,0,0,0,0,0,0,3,2.2,13.7,0,1.6
210,Depoitre,Laurent,Depoitre,20,4,10,a,,2019-03-07T14:01:20Z,5.1,-4,4,0,0.3,34,1.5,1058,0,1,0,23,0,0,0,1,0,0,0,40,51.6,124.3,381,54.8
211,Mounie,Steve,Mounie,24,4,10,a,,2018-12-01T17:31:14Z,5.8,-2,2,0,0.2,69,2.2,1767,2,4,5,38,0,0,0,1,1,0,4,153,226.4,251.7,788,123.9
212,Kachunga,Elias,Kachunga,9,4,10,a,,2018-07-05T14:31:07Z,4.8,-2,2,0,0.1,29,1.4,1175,0,0,1,30,0,0,0,2,0,0,0,41,83.6,109,180,36.7
461,Durm,Erik,Durm,37,2,10,a,,2019-05-05T15:31:23Z,4.4,-1,1,1,0.1,49,1.8,2049,0,1,3,45,0,0,0,0,0,0,2,297,281.8,209.2,114,60.7
471,Diakhaby,Adama,Diakhaby,11,3,10,a,,2019-02-23T20:01:20Z,4.5,-5,5,0,0,19,1.6,548,0,1,1,16,0,0,0,1,0,0,0,38,40,80.6,115,23.4
514,Mbenza,Isaac,Mbenza,18,3,10,a,,2019-04-11T15:01:19Z,5.9,-1,1,0,0,38,1.7,977,1,1,0,25,0,0,0,1,0,0,0,127,110.4,118.5,174,40
522,Stankovic,Jon Gorenc,Stankovic,27,2,10,a,,,3.9,-1,1,0,2.9,24,2.2,715,1,0,2,20,0,0,0,2,0,0,2,127,166.6,28.2,101,29.5
533,Schofield,Ryan,Schofield,31,1,10,u,Season-long loan to Notts County,2019-01-10T15:01:17Z,4,0,0,0,0.1,0,0,0,0,0,0,0,0,0,0,0,0,0,0,0,0,0,0,0
585,Grant,Karlan,Grant,16,4,10,a,,2019-04-18T15:01:20Z,5,0,0,1,0.2,45,3.5,873,3,2,1,23,0,0,0,0,0,0,5,123,141.8,109.6,308,55.9
598,Coleman,Joel,Coleman,13,1,10,a,,,4,0,0,0,0,2,2,90,0,0,0,1,0,0,0,0,0,2,0,13,14.8,0,0,1.5
601,Duhaney,Demeaco,Duhaney,38,2,10,a,,2019-02-28T15:01:20Z,4,0,0,0,0,1,1,45,0,0,0,0,0,0,0,0,0,0,0,1,3.8,1.6,0,0.5
606,Daly,Matthew,Daly,41,3,10,a,,2019-04-04T13:31:20Z,4.5,0,0,0,0,2,1,73,0,0,0,1,0,0,0,0,0,0,0,5,0.6,1,2,0.4
607,Rowe,Aaron,Rowe,44,3,10,a,,2019-03-17T15:31:23Z,4.5,0,0,0,0,2,1,68,0,0,0,1,0,0,0,0,0,0,0,-2,0,1.2,0,0
213,Schmeichel,Kasper,Schmeichel,1,1,11,a,,,5,0,0,1,4.7,120,3.2,3420,0,0,10,48,0,0,0,3,0,90,6,618,756.8,10,4,76.9
214,Jakupovic,Eldin,Jakupovic,17,1,11,a,,,4.3,-2,2,0,0.1,0,0,0,0,0,0,0,0,0,0,0,0,0,0,0,0,0,0,0
215,Morgan,Wes,Morgan,5,2,11,a,,2018-12-29T15:31:17Z,4.5,0,0,2,1.6,76,3.5,1924,3,0,6,28,0,0,0,1,2,0,7,365,471,40.1,293,80.5
216,Fuchs,Christian,Fuchs,28,2,11,a,,,4.1,-4,4,0,0.4,3,1,206,0,0,0,5,0,0,0,0,0,0,0,38,50.4,85.6,14,14.9
217,Simpson,Danny,Simpson,2,2,11,a,,2018-07-23T19:01:08Z,4.2,-3,3,0,0.2,12,2,289,0,0,1,4,0,0,0,0,0,0,0,50,74.6,13.2,2,9
218,Benalouane,Yohan,Benalouane,29,2,11,u,Transferred to Nottingham Forest,2019-01-18T11:31:18Z,3.9,-1,1,0,0.7,0,0,0,0,0,0,0,0,0,0,0,0,0,0,0,0,0,0,0
219,Chilwell,Benjamin,Chilwell,3,2,11,a,,2019-02-21T15:31:20Z,5,0,0,1,2.8,118,3.3,3240,0,5,10,43,0,0,0,4,0,0,8,578,721,674.6,298,170
220,Maguire,Harry,Maguire,15,2,11,a,,2019-03-16T17:31:19Z,5.4,-1,1,2,8.3,92,3,2596,3,1,6,41,0,0,0,6,1,0,10,533,715.8,165.3,462,134.3
221,Pereira,Ricardo Domingos,Barbosa Pereira,14,2,11,a,,,5.3,3,-3,5,10.6,146,4.2,3123,2,8,10,45,0,0,0,7,0,0,22,693,889,517.6,430,183.7
222,Evans,Jonny,Evans,6,2,11,a,,2019-04-06T16:31:22Z,4.8,-2,2,0,0.4,77,3.2,1993,1,0,8,26,0,0,0,2,0,0,3,418,460,66.1,158,68.5
224,Albrighton,Marc,Albrighton,11,3,11,a,,2019-02-03T14:01:20Z,5.1,-4,4,0,0.3,63,2.3,1617,2,2,5,17,0,0,0,3,0,0,4,279,371.2,446.8,242,106.1
225,Gray,Demarai,Gray,7,3,11,a,,2018-10-27T15:31:14Z,5.4,-1,1,0,0.9,84,2.5,1978,4,1,6,29,0,0,0,2,0,0,3,244,320.2,310.2,599,122.5
226,Amartey,Daniel,Amartey,18,3,11,i,Leg injury - Unknown return date,2018-10-27T19:01:14Z,4.3,-2,2,0,0.2,15,1.7,639,0,0,1,9,0,0,0,2,0,0,0,103,139,46.7,21,20.8
227,Ndidi,Wilfred,Ndidi,25,3,11,a,,2018-12-22T14:01:16Z,4.9,-1,1,0,0.8,89,2.3,3295,2,0,9,47,0,0,0,8,0,0,4,571,726,342.4,346,141.6
228,Iborra,Vicente,Iborra,21,3,11,u,Joined Villarreal in a permanent move,2019-01-07T16:01:16Z,4.7,-3,3,0,0,9,1.1,224,0,0,0,4,0,0,0,0,0,0,0,31,26.8,27.8,25,8
229,James,Matty,James,22,3,11,a,,2018-07-05T14:31:07Z,4.4,-1,1,0,0,0,0,0,0,0,0,0,0,0,0,0,0,0,0,0,0,0,0,0
230,Choudhury,Hamza,Choudhury,38,3,11,a,,,4.3,-2,2,0,0.1,20,2.2,593,0,0,4,4,0,0,0,0,0,0,0,80,119.6,73.7,51,24.6
231,Silva,Adrien Sebastian,Perruchet Silva,23,3,11,u,Season-long loan to Monaco,2019-01-31T20:31:19Z,4.7,-3,3,0,0.1,3,1.5,87,0,0,0,1,0,0,0,0,0,0,0,16,14.2,6.3,0,2.1
232,Diabate,Fousseni,Diabate,27,3,11,u,Season-long loan to Sivasspor,2019-01-10T10:31:17Z,4.6,-4,4,0,0,1,1,54,0,0,0,1,0,0,0,0,0,0,0,4,7.4,15.8,0,2.3
233,Maddison,James,Maddison,10,3,11,a,,2019-02-21T15:31:20Z,6.6,1,-1,1,5.2,137,3.8,2831,7,7,8,44,0,0,1,3,1,0,12,619,801.4,1515,769,308.4
234,Vardy,Jamie,Vardy,9,4,11,a,,2019-03-03T15:01:20Z,9,0,0,4,10.3,174,5.1,2726,18,5,11,36,0,0,1,3,1,0,31,598,822,419.9,1206,244.6
235,Okazaki,Shinji,Okazaki,20,4,11,a,,2018-08-25T13:01:12Z,5.1,-4,4,0,0.5,25,1.2,269,0,1,0,4,0,0,0,0,0,0,0,59,45.6,28.6,90,16.3
236,Iheanacho,Kelechi,Iheanacho,8,4,11,a,,,5.7,-3,3,1,0.8,58,1.9,924,1,5,1,16,0,0,0,2,0,0,3,160,135.8,209.4,230,56.9
457,Ward,Danny,Ward,12,1,11,a,,,4.3,-2,2,0,0.1,0,0,0,0,0,0,0,0,0,0,0,0,0,0,0,0,0,0,0
492,Ghezzal,Rachid,Ghezzal,31,3,11,a,,2018-11-22T17:01:18Z,5,-5,5,0,0.1,28,1.5,733,1,0,1,13,0,0,0,3,0,0,2,112,147.8,307,228,68.3
501,Benkovic,Filip,Benkovic,16,2,11,u,Season-long loan to Celtic,2018-09-02T07:32:21Z,5,0,0,0,0,0,0,0,0,0,0,0,0,0,0,0,0,0,0,0,0,0,0,0
515,Soyuncu,Caglar,Soyuncu,4,2,11,a,,2018-08-17T10:31:12Z,4.8,-2,2,0,0,9,1.5,371,0,0,0,4,0,0,0,1,0,0,0,48,76.6,6.8,22,10.6
527,Mendy,Nampalys,Mendy,24,3,11,a,,2019-02-10T16:01:21Z,4.3,-2,2,0,0.9,58,1.9,2085,0,1,7,29,0,0,0,5,0,0,0,291,235.8,135.5,23,39.5
558,Knight,Josh,Knight,34,2,11,u,Season-long loan to Peterborough,2019-02-01T11:32:20Z,4,0,0,0,0,0,0,0,0,0,0,0,0,0,0,0,0,0,0,0,0,0,0,0
571,Barnes,Harvey,Barnes,19,3,11,a,,,5.5,0,0,0,0.2,43,2.7,1001,1,3,1,16,0,0,0,0,0,0,1,139,172.8,242,534,94.8
591,Tielemans,Youri,Tielemans,21,3,11,a,,,6,0,0,0,1.7,63,4.8,1087,3,5,3,14,0,0,0,2,0,0,6,267,299,269.7,249,81.8
237,Mignolet,Simon,Mignolet,22,1,12,a,,2018-09-14T13:01:14Z,4.7,-3,3,0,0.1,0,0,0,0,0,0,0,0,0,0,0,0,0,0,0,0,0,0,0
238,Karius,Loris,Karius,1,1,12,u,Two year loan to Besiktas,2018-08-27T06:55:46Z,4.9,-1,1,0,0.1,0,0,0,0,0,0,0,0,0,0,0,0,0,0,0,0,0,0,0
239,Lovren,Dejan,Lovren,6,2,12,a,,2019-04-16T22:01:19Z,4.9,-1,1,2,1.5,63,4.8,986,1,1,6,7,0,0,0,1,0,0,9,258,255.8,29.1,72,35.7
240,Moreno,Alberto,Moreno,18,2,12,a,,2019-01-03T20:01:19Z,4.1,-4,4,0,0.2,4,2,154,0,0,0,2,0,0,0,0,0,0,0,24,20,42,5,6.7
242,Gomez,Joseph,Gomez,12,2,12,a,,2018-12-05T23:01:16Z,4.8,-2,2,0,1,55,3.4,1059,0,0,7,4,0,0,0,2,0,0,2,268,209.8,92.1,44,34.7
243,Matip,Joel,Matip,32,2,12,a,,2018-12-11T23:31:18Z,4.9,-1,1,1,1.1,83,3.8,1535,1,0,9,12,0,0,0,3,0,0,7,402,414.6,57.9,85,55.9
244,Klavan,Ragnar,Klavan,17,2,12,u,Transferred to Cagliari,2018-08-08T07:01:10Z,4.4,-1,1,0,0,0,0,0,0,0,0,0,0,0,0,0,0,0,0,0,0,0,0,0
245,Alexander-Arnold,Trent,Alexander-Arnold,66,2,12,a,,2019-03-20T19:01:21Z,5.8,8,-8,8,26.9,185,6.4,2460,1,13,16,14,0,0,0,3,0,0,25,753,734.4,837.4,276,184.7
246,van Dijk,Virgil,van Dijk,4,2,12,a,,2019-03-31T19:31:20Z,6.7,7,-7,4,32.3,208,5.5,3384,4,4,20,22,0,0,0,1,0,0,22,932,993.6,111.1,455,156.1
247,Robertson,Andrew,Robertson,26,2,12,a,,2019-05-07T22:31:21Z,6.7,7,-7,5,33,213,5.9,3216,0,12,21,20,0,0,0,4,0,0,29,906,748.8,767.2,318,183.6
248,Chamberlain,Alex,Oxlade-Chamberlain,21,3,12,a,,2018-07-05T14:31:07Z,6.4,-1,1,0,0.1,2,1,19,0,0,0,0,0,0,0,0,0,0,0,7,10.2,10.8,19,4
249,Henderson,Jordan,Henderson,14,3,12,a,,2019-05-10T10:01:23Z,5.3,-2,2,1,0.7,76,2.4,1976,1,3,12,14,0,0,0,1,1,0,2,397,358.8,311.7,182,85.4
250,Lallana,Adam,Lallana,20,3,12,a,,2019-04-08T13:01:21Z,6.9,-1,1,0,0.6,23,1.8,460,0,1,3,3,0,0,0,1,0,0,0,96,85.4,139,113,33.8
251,Mane,Sadio,Mane,10,3,12,a,,2018-12-08T12:31:17Z,10.3,8,-8,8,38.6,231,6.4,3076,22,3,19,21,0,0,0,2,0,0,24,703,1015.8,692.8,1332,304
252,Wijnaldum,Georginio,Wijnaldum,5,3,12,a,,2019-02-04T22:01:20Z,5.5,0,0,1,1.4,108,3.1,2723,3,1,18,16,0,0,0,3,0,0,9,470,437.6,405.2,338,118.4
253,Salah,Mohamed,Salah,11,3,12,a,,2019-05-04T21:01:22Z,13.2,2,-2,6,33.9,259,6.8,3254,22,12,21,20,0,0,0,1,0,0,18,687,1186.8,973.9,2168,432.7
254,Milner,James,Milner,7,3,12,a,,2019-03-08T10:31:19Z,5.6,1,-1,1,2.5,101,3.3,1778,5,5,9,13,0,0,0,5,1,0,12,448,587.2,725.2,374,169.2
255,Fabinho,Fabio Henrique,Tavares,3,3,12,a,,2019-04-21T17:01:23Z,5.5,-5,5,0,0.6,65,2.3,2011,1,2,11,14,0,0,0,6,0,0,0,305,406.2,283.4,173,86.4
256,Keita,Naby,Keita,8,3,12,i,Thigh injury - Expected back 06 Jul,2019-05-01T22:01:20Z,7.1,-4,4,1,1.5,67,2.7,1385,2,1,10,8,0,0,0,0,0,0,3,246,293.6,213.1,356,86.3
257,Firmino,Roberto,Firmino,9,4,12,a,,2019-05-05T01:31:24Z,9.3,-2,2,3,14.2,160,4.7,2606,12,8,19,15,0,0,0,0,0,0,24,647,774.8,670.1,1240,267.8
462,Shaqiri,Xherdan,Shaqiri,23,3,12,a,,2019-03-19T01:01:21Z,6.8,-7,7,1,2.1,88,3.7,1052,6,5,7,6,0,0,0,2,0,0,4,302,363.6,344.7,282,99.1
468,Alisson,Alisson,Ramses Becker,13,1,12,a,,,5.9,4,-4,1,23.4,176,4.6,3420,0,0,21,22,0,0,0,1,0,76,9,771,677,0.1,0,67.6
472,Sturridge,Daniel,Sturridge,15,4,12,a,,,5.6,-4,4,0,1,34,1.9,498,2,1,2,5,0,0,0,1,0,0,2,121,117.6,117.6,186,41.7
543,Origi,Divock,Origi,27,4,12,a,,2019-05-07T22:31:22Z,5,0,0,0,0.3,32,2.7,364,3,1,3,2,0,0,0,0,0,0,1,122,143.4,45,195,38.2
557,Camacho,Rafael,Camacho,64,3,12,a,,,5,0,0,0,0,1,1,1,0,0,0,1,0,0,0,0,0,0,0,3,2,0,0,0.2
597,Jones,Curtis,Jones,48,3,12,a,,,4.5,0,0,0,0,0,0,0,0,0,0,0,0,0,0,0,0,0,0,0,0,0,0,0
223,Mahrez,Riyad,Mahrez,26,3,13,a,,2018-07-29T08:31:08Z,8.2,-8,8,3,1.7,102,3.8,1331,7,4,4,9,0,0,1,0,0,0,14,349,459.4,450.8,731,164.1
260,Ederson,Ederson,Santana de Moraes,31,1,13,a,,,5.7,2,-2,2,22.9,169,4.4,3420,0,1,20,23,0,0,0,2,0,58,6,700,535.2,33,0,56.8
261,Bravo,Claudio,Bravo,1,1,13,i,Lack of match fitness - Unknown return date,2018-08-20T21:31:21Z,4.8,-2,2,0,0.1,0,0,0,0,0,0,0,0,0,0,0,0,0,0,0,0,0,0,0
262,Stones,John,Stones,5,2,13,a,,2019-03-16T01:31:23Z,5.2,-3,3,0,4.6,83,3.5,1761,0,0,9,15,0,0,0,1,0,0,9,431,376.6,115.5,49,54.1
263,Kompany,Vincent,Kompany,4,2,13,a,,2019-03-16T01:31:23Z,5.2,-3,3,2,1.7,58,3.4,1220,1,0,6,7,0,0,0,6,0,0,4,294,329,44.2,55,43
264,Otamendi,Nicolas,Otamendi,30,2,13,a,,2019-03-17T18:31:21Z,6,-5,5,0,2.6,70,3.9,1233,0,0,9,7,0,0,0,1,0,0,5,335,281.2,53.7,143,47.8
265,Walker,Kyle,Walker,2,2,13,a,,2019-04-07T11:31:23Z,6.4,-1,1,2,12.1,150,4.5,2776,1,1,18,17,0,0,0,3,0,0,11,684,498.8,448.4,183,113.1
266,Danilo,Danilo Luiz,da Silva,3,2,13,a,,2018-12-22T14:01:17Z,4.8,-7,7,1,0.6,46,4.2,805,1,0,4,7,0,0,0,1,0,0,7,202,165.2,118,99,38.2
267,Mendy,Benjamin,Mendy,22,2,13,a,,2019-03-16T01:31:23Z,6.1,1,-1,2,5.9,59,5.9,900,0,6,4,6,0,0,0,1,0,0,6,262,250.8,222.7,70,54.2
268,Laporte,Aymeric,Laporte,14,2,13,a,,2019-02-24T20:01:23Z,6.3,8,-8,3,16.7,177,5.1,3056,3,3,18,21,0,0,0,3,0,0,16,768,790,239.3,278,131.2
269,Delph,Fabian,Delph,18,2,13,a,,2019-03-18T13:01:20Z,5.3,-2,2,0,0.3,29,2.6,722,0,1,3,9,0,0,0,1,1,0,2,186,153.8,97.8,24,27.5
270,Sterling,Raheem,Sterling,7,3,13,a,,2018-09-03T18:31:13Z,11.7,7,-7,6,24.8,234,6.9,2770,17,15,17,19,0,0,0,3,0,0,25,743,1060,937.4,1572,357.1
271,David Silva,David,Silva,21,3,13,a,,2018-12-26T14:01:16Z,8.5,0,0,2,4.4,143,4.3,2399,6,8,16,14,0,0,0,2,0,0,14,614,715.2,1150.3,1092,295.8
272,Fernandinho,Fernando,Luiz Rosa,25,3,13,a,,2019-04-24T21:31:23Z,5.3,-2,2,1,2.9,79,2.7,2375,1,3,12,15,0,0,0,5,0,0,4,444,534.6,396.8,208,114.2
273,De Bruyne,Kevin,De Bruyne,17,3,13,a,,2019-04-20T13:31:24Z,9.6,-4,4,0,3.4,59,3.1,968,2,3,6,3,0,0,0,2,0,0,8,268,301.4,562.3,317,117.9
274,Gundogan,Ilkay,Gundogan,8,3,13,a,,2019-04-24T21:31:23Z,5.4,-1,1,1,2.3,113,3.6,2129,6,3,13,15,0,0,0,3,0,0,10,528,548.8,819.7,447,181.6
275,Sane,Leroy,Sane,19,3,13,a,,,9.3,-2,2,3,7.3,156,5,1857,10,12,9,14,0,0,0,1,0,0,13,520,716.8,645,1039,240.3
276,Bernardo Silva,Bernardo Mota,Veiga de Carvalho e Silva,20,3,13,a,,2019-04-09T22:01:21Z,7.8,3,-3,3,13.6,154,4.3,2849,7,8,15,22,0,0,0,3,0,0,17,649,796.4,1026.3,1069,289.6
277,Foden,Phil,Foden,47,3,13,a,,2018-07-29T09:31:09Z,4.5,-5,5,0,0.2,25,1.9,328,1,0,2,0,0,0,0,0,0,0,3,93,85,133.8,208,42.6
278,Diaz,Brahim,Diaz,55,3,13,u,Joined Real Madrid in a permanent move,2019-01-07T10:31:16Z,4.7,-3,3,0,0,0,0,0,0,0,0,0,0,0,0,0,0,0,0,0,0,0,0,0
279,Zinchenko,Oleksandr,Zinchenko,35,3,13,a,,2019-04-03T21:01:18Z,4.7,-3,3,0,0.2,44,3.1,1151,0,3,9,4,0,0,0,1,0,0,1,230,279.2,278.6,77,63.5
280,Aguero,Sergio,Aguero,10,4,13,a,,2019-03-31T19:31:20Z,12,10,-10,4,42.7,201,6.1,2457,21,11,17,15,0,0,0,4,0,0,26,740,946.6,523.7,1685,315.4
281,Jesus,Gabriel Fernando,de Jesus,33,4,13,a,,2019-02-19T20:31:20Z,9.9,-6,6,2,1.6,79,2.7,1017,7,3,2,11,0,0,0,1,0,0,7,259,395.2,300.5,864,156.3
529,Muric,Arijanet,Muric,49,1,13,a,,,4.5,0,0,0,0,0,0,0,0,0,0,0,0,0,0,0,0,0,0,0,0,0,0,0
604,Sandler,Philippe,Sandler,34,2,13,a,,,4,0,0,0,0,0,0,0,0,0,0,0,0,0,0,0,0,0,0,0,0,0,0,0
282,de Gea,David,de Gea,1,1,14,a,,,5.7,-3,3,2,16.2,120,3.2,3420,0,0,7,54,0,0,0,1,0,123,7,636,846,0,0,84.5
283,Romero,Sergio,Romero,22,1,14,a,,2019-05-03T10:31:22Z,4.9,-1,1,0,0.1,0,0,0,0,0,0,0,0,0,0,0,0,0,0,0,0,0,0,0
284,Smalling,Chris,Smalling,12,2,14,a,,2019-05-02T16:01:19Z,5.6,-4,4,1,1.4,56,2.3,2127,1,0,4,36,1,0,0,1,0,0,3,335,453.4,31,176,66
285,Jones,Phil,Jones,4,2,14,a,,2019-04-21T14:31:21Z,5.1,-4,4,1,0.5,43,2.4,1261,0,1,3,17,0,0,0,1,0,0,3,273,300.8,44.8,42,39
286,Shaw,Luke,Shaw,23,2,14,a,,2019-04-02T21:01:19Z,5.1,1,-1,1,8.1,91,3.1,2591,1,5,6,39,0,0,0,11,0,0,11,489,586.2,505.6,287,138.1
287,Rojo,Marcos,Rojo,16,2,14,a,,2018-12-13T10:01:17Z,4.9,-1,1,0,0.1,2,0.4,209,0,0,0,5,1,0,0,2,0,0,0,15,42.2,3.1,63,10.9
288,Valencia,Antonio,Valencia,25,2,14,a,,2019-03-29T16:31:19Z,6.4,-1,1,0,0.7,17,2.8,466,0,0,2,5,0,0,0,2,0,0,1,92,61.4,111.2,6,17.9
289,Darmian,Matteo,Darmian,36,2,14,a,,2019-02-08T10:31:20Z,4.6,-4,4,0,0.2,14,2.3,443,0,0,1,8,0,0,0,0,0,0,2,83,84.2,34.9,7,12.6
290,Blind,Daley,Blind,17,2,14,u,Transferred to Ajax,2018-07-18T10:05:48Z,5,0,0,0,0,0,0,0,0,0,0,0,0,0,0,0,0,0,0,0,0,0,0,0
291,Bailly,Eric,Bailly,3,2,14,i,Knee injury - Unknown return date,2019-03-25T20:31:21Z,5,-5,5,0,1.3,16,1.3,636,0,0,1,13,0,0,0,0,1,0,0,109,125,3.4,35,16.5
292,Lindelof,Victor,Lindelof,2,2,14,a,,2018-12-16T15:01:16Z,4.9,-1,1,1,5.2,85,2.8,2600,1,1,6,40,1,0,0,1,0,0,9,527,533,75.3,118,72.8
293,Young,Ashley,Young,18,2,14,a,,2019-04-02T21:01:19Z,5.7,-3,3,1,1.7,73,2.4,2568,2,3,4,44,0,0,0,8,1,0,4,450,554.4,650.5,124,133
294,Dalot,Jose Diogo,Dalot Teixeira,20,2,14,a,,2018-12-16T15:01:16Z,5.3,-2,2,0,0.2,27,1.7,1009,0,2,1,18,0,0,0,3,0,0,0,171,184.4,259,94,53.7
295,Sanchez,Alexis,Sanchez,7,3,14,a,,2019-05-05T15:31:23Z,10,-5,5,0,1.2,47,2.4,869,1,5,2,10,0,0,0,3,0,0,1,168,207.6,297.2,307,81.1
296,Matic,Nemanja,Matic,31,3,14,a,,2019-04-12T09:31:18Z,5,0,0,0,0.7,59,2.1,2437,1,0,6,37,0,0,0,6,1,0,2,371,477.6,247.9,183,90.9
297,Mata,Juan,Mata,8,3,14,a,,2019-02-24T17:31:21Z,6.1,-4,4,2,1.2,70,3.2,1284,3,4,5,15,0,0,0,3,0,0,7,274,258.4,464,262,98.6
298,Fellaini,Marouane,Fellaini,27,3,14,u,Joined Shandong Luneng Taishan,2019-01-18T09:31:18Z,4.8,-2,2,0,0.4,26,1.9,746,0,2,1,14,0,0,0,1,0,0,0,119,172.2,65.6,145,38.1
299,Herrera,Ander,Herrera,21,3,14,a,,2019-04-02T21:01:19Z,5,0,0,0,0.5,62,2.8,1397,2,3,5,18,0,0,0,4,0,0,6,302,399.2,234.6,257,89.2
300,Lingard,Jesse,Lingard,14,3,14,a,,2019-05-02T16:01:19Z,6.7,-3,3,1,2.6,78,2.9,1657,4,3,3,26,0,0,0,3,0,0,5,270,310,306.1,395,101.1
301,Martial,Anthony,Martial,11,3,14,a,,2019-05-10T10:01:23Z,7.2,-3,3,3,3.4,122,4.5,1613,10,4,5,25,0,0,0,2,0,0,13,389,532.8,503.3,755,178.9
302,Pogba,Paul,Pogba,6,3,14,a,,2019-01-30T10:31:23Z,8.6,6,-6,5,33.7,179,5.1,3007,13,10,8,43,0,0,3,6,0,0,19,648,1096.8,822.3,1246,316.9
303,McTominay,Scott,McTominay,39,3,14,a,,2019-04-26T10:01:22Z,4.2,-3,3,1,1.2,38,2.4,862,2,0,1,18,0,0,0,1,0,0,4,152,175.4,33.1,180,38.8
304,Fred,Frederico,Rodrigues de Paula Santos,17,3,14,a,,,5.3,-7,7,0,1.2,40,2.4,1039,1,2,1,19,0,0,0,2,0,0,3,180,177.6,203.2,87,46.9
305,Rashford,Marcus,Rashford,10,4,14,a,,2019-04-28T18:31:24Z,7.3,3,-3,3,21.9,128,3.9,2331,10,7,6,35,0,0,0,3,1,0,14,425,650,542.3,1064,224.6
306,Lukaku,Romelu,Lukaku,9,4,14,a,,2019-05-02T16:01:19Z,10.7,-3,3,3,3.9,115,3.6,2126,12,1,4,38,0,0,0,4,0,0,14,361,550.6,330.2,1052,193.5
481,Pereira,Andreas,Pereira,15,3,14,a,,,4.5,-5,5,1,0.3,27,1.8,590,1,1,1,13,0,0,0,5,0,0,2,115,132.8,139.5,67,33.8
520,Grant,Lee,Grant,13,1,14,a,,,4.8,-2,2,0,0,0,0,0,0,0,0,0,0,0,0,0,0,0,0,0,0,0,0,0
568,Gomes,Angel,Gomes,47,3,14,a,,,5,0,0,0,0,2,1,25,0,0,0,1,0,0,0,0,0,0,0,4,5.2,2.3,18,2.6
602,Garner,James,Garner,37,3,14,a,,,4.5,0,0,0,0,1,1,1,0,0,0,0,0,0,0,0,0,0,0,3,0,0,0,0
603,Chong,Tahith,Chong,44,3,14,a,,,4.5,0,0,0,0,2,1,37,0,0,0,1,0,0,0,0,0,0,0,3,6.2,2.1,39,4.7
608,Greenwood,Mason,Greenwood,54,4,14,a,,2019-05-03T09:31:20Z,4.5,0,0,0,0.2,4,1.3,115,0,0,0,2,0,0,0,0,0,0,0,12,24,43.3,90,15.7
307,Elliot,Robert,Elliot,1,1,15,a,,2019-02-01T16:01:21Z,4.3,-2,2,0,0.1,0,0,0,0,0,0,0,0,0,0,0,0,0,0,0,0,0,0,0
308,Darlow,Karl,Darlow,26,1,15,a,,2018-12-04T15:01:17Z,4.4,-1,1,0,0.1,0,0,0,0,0,0,0,0,0,0,0,0,0,0,0,0,0,0,0
309,Dubravka,Martin,Dubravka,12,1,15,a,,2018-08-11T11:31:12Z,5,0,0,0,1,131,3.4,3420,0,0,11,48,0,0,0,1,0,96,10,647,783.6,0,0,78.4
310,Yedlin,DeAndre,Yedlin,22,2,15,i,Groin Injury - Unknown return date,2019-05-03T13:31:22Z,4.5,0,0,0,0.9,63,2.2,2472,1,2,5,41,1,0,0,6,1,0,1,325,436.4,406.3,113,95.8
311,Clark,Ciaran,Clark,2,2,15,a,,2019-02-22T14:01:20Z,4.5,0,0,1,0.2,42,3.8,857,3,0,2,15,0,0,0,1,0,0,4,194,293.2,25,105,42.6
312,Lascelles,Jamaal,Lascelles,6,2,15,a,,2019-04-26T13:31:22Z,4.7,-3,3,1,3.1,95,3,2745,0,1,10,36,0,0,0,4,0,0,8,539,632.4,46.8,113,79.6
313,Dummett,Paul,Dummett,3,2,15,a,,2019-01-11T15:01:19Z,4.4,-1,1,1,0.2,67,2.6,1986,0,0,7,27,0,0,0,1,0,0,3,365,424.2,94,58,57.6
314,Lejeune,Florian,Lejeune,20,2,15,i,Knee injury - Unknown return date,2019-04-06T16:31:22Z,4.4,-1,1,0,0.1,35,2.9,1054,0,0,4,13,0,0,0,0,0,0,0,209,211.6,82.5,59,35.3
315,Manquillo,Javier,Manquillo,19,2,15,a,,2018-09-15T13:01:14Z,4.3,-2,2,1,0.3,53,2.9,1098,0,3,4,16,0,0,0,2,0,0,5,231,231,127.3,28,38.8
316,Mbemba,Chancel,Mbemba,18,2,15,u,Transferred to Porto,2018-07-24T14:34:52Z,4,0,0,0,0.1,0,0,0,0,0,0,0,0,0,0,0,0,0,0,0,0,0,0,0
317,Ritchie,Matt,Ritchie,11,3,15,a,,2018-12-02T17:01:15Z,5.8,-2,2,0,0.6,110,3.1,2927,2,8,10,40,0,0,1,9,0,0,7,504,712.4,973.8,448,213.6
318,Shelvey,Jonjo,Shelvey,8,3,15,a,,2019-01-11T15:01:19Z,5.3,-2,2,0,0.3,39,2.4,943,1,1,5,13,0,0,0,1,0,0,2,170,226.2,351.7,154,73.2
319,Diame,Mohamed,Diame,10,3,15,a,,2019-04-05T14:31:23Z,4.8,-2,2,0,0.1,56,1.9,2162,0,0,7,32,0,0,0,3,0,0,0,213,310.8,82.9,204,60
320,Atsu,Christian,Atsu,30,3,15,a,,2018-07-05T14:31:07Z,5.1,-4,4,0,0.1,55,2,1481,1,1,6,18,0,0,0,2,0,0,0,175,218.8,273,331,82.3
321,Murphy,Jacob,Murphy,7,3,15,u,Season-long loan to West Bromwich Albion,2019-01-31T23:31:19Z,4.7,-3,3,0,0,16,1.8,296,0,1,1,8,0,0,0,0,0,0,0,50,53.6,31.1,22,10.7
322,Merino,Mikel,Merino,23,3,15,u,Transferred to  Real Sociedad,2018-07-13T08:33:32Z,5,0,0,0,0,0,0,0,0,0,0,0,0,0,0,0,0,0,0,0,0,0,0,0
323,Hayden,Isaac,Hayden,14,3,15,a,,2019-04-26T14:31:23Z,4.3,-2,2,1,1.4,69,2.8,1857,1,4,7,25,0,0,0,3,1,0,5,306,412,298.8,232,94.4
324,Ki Sung-yueng,Sung-yueng,Ki,4,3,15,a,,2019-05-10T13:31:23Z,4.7,-3,3,0,0.1,38,2.1,1298,0,1,4,20,0,0,0,2,0,0,1,197,163.2,258.4,45,46.7
325,Gayle,Dwight,Gayle,9,4,15,u,Season-long to to West Bromwich Albion ,2018-08-07T09:52:46Z,6,0,0,0,0.1,0,0,0,0,0,0,0,0,0,0,0,0,0,0,0,0,0,0,0
326,Perez,Ayoze,Perez,17,4,15,a,,2019-04-27T17:31:24Z,6.1,-4,4,2,3.4,141,3.8,2916,12,2,11,35,0,0,0,2,0,0,19,541,783.6,585.6,954,232.1
327,Joselu,Jose Luis,Mato Sanmartín,21,4,15,a,,2019-01-28T14:31:21Z,4.7,-3,3,0,2.1,30,1.9,586,2,0,1,15,0,0,0,1,0,0,3,89,121.4,35.9,290,44.6
458,Kenedy,Robert Kenedy,Nunes do Nascimento,15,3,15,a,,2019-01-16T00:31:18Z,4.7,-3,3,0,0.5,50,2,1337,1,1,6,18,0,0,1,1,0,0,1,161,212.8,187.9,297,69.8
482,Schaar,Fabian,Schaar,5,2,15,a,,2019-04-20T19:31:22Z,4.5,-5,5,3,1.3,93,3.9,2000,4,1,7,23,0,0,0,12,0,0,9,403,669.4,148.6,220,103.8
488,Muto,Yoshinori,Muto,13,4,15,a,,2019-01-02T23:01:17Z,5.6,-4,4,0,0.1,24,1.4,514,1,0,1,10,0,0,0,1,0,0,0,65,71.8,66.8,140,27.4
493,Rondon,Salomon,Rondon,9,4,15,a,,2018-09-23T00:01:15Z,5.9,-1,1,3,7.7,148,4.6,2601,11,8,9,31,0,0,0,1,0,0,20,466,645.6,468,1249,236
516,Fernandez,Federico,Fernandez,18,2,15,a,,2018-12-29T16:31:16Z,4.4,-1,1,0,0.2,47,2.5,1482,0,2,3,24,0,0,0,2,0,0,5,277,350,63.7,70,48.5
530,Sterry,Jamie,Sterry,25,2,15,u,Season-long loan to Crewe,2019-01-27T15:31:21Z,4,0,0,0,0.1,0,0,0,0,0,0,0,0,0,0,0,0,0,0,0,0,0,0,0
531,Longstaff,Sean,Longstaff,36,3,15,i,Knee injury - Expected back 31 May,2019-03-02T20:01:20Z,4.5,0,0,0,0,26,2.9,686,1,1,3,9,0,0,0,2,0,0,1,117,130.4,71.8,106,30.9
553,Woodman,Frederick,Woodman,41,1,15,a,,,4,0,0,0,0.2,0,0,0,0,0,0,0,0,0,0,0,0,0,0,0,0,0,0,0
577,Roberts,Callum,Roberts,37,3,15,u,Season-long loan to Colchester United,2019-01-31T14:31:19Z,4.5,0,0,0,0,0,0,0,0,0,0,0,0,0,0,0,0,0,0,0,0,0,0,0
587,Almiron,Miguel,Almiron,24,3,15,i,Hamstring injury - Unknown return date,2019-04-20T19:31:23Z,6,0,0,0,0.2,28,2.8,758,0,2,3,11,0,0,0,0,0,0,0,107,121.4,189.8,235,54.6
588,Barreca,Antonio,Barreca,23,2,15,a,,,4.1,-4,4,0,0,1,1,4,0,0,0,0,0,0,0,0,0,0,0,3,0.2,0,0,0
622,Watts,Kelland,Watts,,3,15,a,,,4.5,0,0,0,0,0,0,0,0,0,0,0,0,0,0,0,0,0,0,0,0,0,0,0
623,Cass,Lewis,Cass,,2,15,a,,,4,0,0,0,0,0,0,0,0,0,0,0,0,0,0,0,0,0,0,0,0,0,0,0
258,Ings,Danny,Ings,9,4,16,a,,2019-03-31T13:01:20Z,5.4,-1,1,1,3.2,90,3.8,1650,7,3,5,27,0,0,0,1,0,0,11,310,433.8,346.9,808,158.4
328,McCarthy,Alex,McCarthy,1,1,16,a,,2019-04-18T12:01:20Z,4.3,-2,2,1,2,73,2.9,2250,0,0,4,44,0,0,0,1,0,78,6,414,585.2,0,0,58.6
329,Forster,Fraser,Forster,44,1,16,a,,,4.2,-3,3,0,0.6,2,2,90,0,0,0,3,0,0,0,0,0,3,0,13,22.2,0,0,2.2
330,Bertrand,Ryan,Bertrand,21,2,16,a,,2019-04-25T13:31:21Z,4.8,-2,2,0,2.4,56,2.3,2160,1,0,6,42,0,0,0,8,0,0,1,291,326.8,379.4,123,82.6
331,Yoshida,Maya,Yoshida,3,2,16,a,,2019-04-27T14:01:20Z,4.1,-4,4,0,1.1,44,2.6,1518,0,1,3,29,0,0,0,0,0,0,4,278,387,57.4,189,63.4
332,Cedric,Cedric,Soares,2,2,16,u,Season-long loan to Inter Milan,2019-01-26T19:01:20Z,4.2,-3,3,1,2.1,52,2.9,1493,1,2,4,31,0,0,0,4,0,0,7,273,309,226.5,103,63.9
333,Stephens,Jack,Stephens,5,2,16,a,,2018-12-22T14:01:17Z,4.2,-3,3,1,0.3,47,2,1697,1,0,3,35,0,0,0,4,0,0,4,282,394.4,65.5,143,60.4
334,McQueen,Sam,McQueen,38,2,16,u,Season-long loan to Middlesbrough,2018-08-30T19:31:12Z,4,0,0,0,0.4,0,0,0,0,0,0,0,0,0,0,0,0,0,0,0,0,0,0,0
335,Bednarek,Jan,Bednarek,35,2,16,a,,2019-03-26T11:31:22Z,4,0,0,0,7.4,49,2,2150,0,1,3,37,0,0,0,7,0,0,3,365,616,108.8,91,81.9
336,Hoedt,Wesley,Hoedt,6,2,16,u,Season-long loan to Celta Vigo,2019-01-22T11:01:19Z,4.2,-3,3,0,0.2,29,2.2,1170,0,0,4,24,2,0,0,2,0,0,3,206,283.6,20,41,34.7
337,Davis,Steven,Davis,8,3,16,u,Season-long loan to Rangers,2019-01-07T10:31:16Z,4.6,-4,4,0,0,9,3,97,0,1,0,4,0,0,0,0,0,0,2,39,38.8,41.6,2,8.2
338,Ward-Prowse,James,Ward-Prowse,16,3,16,a,,,5.1,-4,4,3,3.7,94,3.6,1940,7,0,3,41,1,0,0,4,0,0,15,390,592,695.8,387,167.4
339,Oriol Romeu,Oriol,Romeu Vidal,14,3,16,a,,,4.2,-3,3,0,2.2,55,1.8,2131,1,0,6,37,0,0,0,11,0,0,3,282,455.2,158.4,124,74
340,Hojbjerg,Pierre-Emile,Hojbjerg,23,3,16,a,,2019-01-31T11:31:19Z,4.4,-1,1,1,3.2,90,2.9,2760,4,3,4,59,0,0,0,7,2,0,8,477,616,445.6,421,148.8
341,Boufal,Sofiane,Boufal,19,3,16,u,Season-long loan to Celta Vigo,2018-07-21T11:01:08Z,5.5,0,0,0,0,0,0,0,0,0,0,0,0,0,0,0,0,0,0,0,0,0,0,0
342,Sims,Joshua,Sims,39,3,16,a,,2018-08-21T06:48:36Z,4.4,-1,1,0,0,11,1.6,208,0,1,0,6,0,0,0,0,0,0,0,27,21.8,18.5,56,9.6
343,Redmond,Nathan,Redmond,22,3,16,a,,2018-12-22T14:01:17Z,5.5,0,0,3,6.9,137,3.6,3272,6,5,9,58,0,0,0,3,0,0,12,433,665.4,802.3,950,241.4
344,Lemina,Mario,Lemina,18,3,16,a,,2019-04-03T21:31:22Z,4.7,-3,3,0,0.2,50,2.4,1612,1,2,4,37,0,0,0,5,0,0,2,270,313,214.7,188,71.6
345,Armstrong,Stuart,Armstrong,17,3,16,a,,2019-04-25T13:31:21Z,5.1,-4,4,1,0.2,75,2.6,1421,3,4,5,26,0,0,0,2,0,0,3,269,305.6,392.4,379,107.5
346,Elyounoussi,Mohamed,Elyounoussi,11,3,16,a,,2018-11-24T15:01:16Z,6,-5,5,0,0.1,28,1.8,785,0,0,4,10,0,0,0,0,0,0,0,91,94.2,228.3,220,54.2
347,Long,Shane,Long,7,4,16,a,,2019-04-23T23:31:22Z,4.7,-3,3,1,4.9,66,2.5,1260,5,2,2,24,0,0,0,3,0,0,5,191,248.6,179.2,417,84.2
348,Austin,Charlie,Austin,10,4,16,a,,2019-04-18T12:01:20Z,5.5,-5,5,0,0.4,46,1.8,970,2,2,5,17,0,0,1,1,0,0,1,117,158.4,115.3,405,67.4
349,Gabbiadini,Manolo,Gabbiadini,20,4,16,u,Joined Sampdoria on a permanent deal,2019-01-11T15:01:19Z,5.6,-4,4,1,0.1,23,1.9,468,1,0,0,12,0,0,0,0,0,0,3,56,74.4,72.7,167,30.8
350,Carrillo,Guido,Carrillo,9,4,16,u,Season-long loan to Leganes,2018-07-10T10:08:52Z,5.5,0,0,0,0,0,0,0,0,0,0,0,0,0,0,0,0,0,0,0,0,0,0,0
452,Gunn,Angus,Gunn,28,1,16,a,,,4.3,-2,2,2,1.1,47,3.9,1080,0,0,3,18,0,1,0,0,0,33,4,206,239.2,0,0,23.8
463,Vestergaard,Jannik,Vestergaard,4,2,16,a,,2019-04-18T09:31:21Z,4.6,-4,4,0,0.2,50,2.2,2027,0,0,4,31,0,0,0,2,0,0,0,396,576.6,76.6,104,75.9
479,Targett,Matt,Targett,33,2,16,a,,2019-04-18T12:01:20Z,4.2,-3,3,0,0.1,36,2.3,1185,1,3,0,25,0,0,0,2,0,0,3,229,314.2,366.8,181,86.2
550,Obafemi,Michael,Obafemi,61,4,16,i,Hamstring injury - Expected back 31 May,2019-02-24T17:31:21Z,5,0,0,0,0,13,2.2,134,1,1,0,3,0,0,0,1,0,0,0,46,62.6,27.4,127,21.6
556,Valery,Yan,Valery,43,2,16,a,,2019-04-13T17:01:22Z,4.1,1,-1,1,4.1,54,2.3,1709,2,1,3,30,0,0,0,3,1,0,0,251,329.4,124.7,157,60.7
562,Johnson,Tyreke,Johnson,51,3,16,a,,,4.5,0,0,0,0,1,1,1,0,0,0,0,0,0,0,0,0,0,0,3,0,0,0,0
565,Ramsay,Kayne,Ramsay,66,2,16,a,,2019-01-28T15:31:21Z,4,0,0,0,0,1,1,90,0,0,0,3,0,0,0,0,0,0,0,9,11.2,0,0,1.1
570,Slattery,Callum,Slattery,55,3,16,a,,,4.5,0,0,0,0,4,1.3,110,0,0,0,1,0,0,0,0,0,0,0,12,15.8,2.6,24,4.2
574,Gallagher,Sam,Gallagher,15,4,16,a,,2019-01-12T20:31:18Z,4.5,0,0,0,0.1,4,1,32,0,0,0,1,0,0,0,0,0,0,0,6,0,0.3,0,0
595,Jones,Alfie,Jones,32,2,16,a,,,4,0,0,0,0,0,0,0,0,0,0,0,0,0,0,0,0,0,0,0,0,0,0,0
351,Lloris,Hugo,Lloris,1,1,17,a,,2019-04-20T13:31:24Z,5.4,-1,1,2,6.2,145,4.4,2970,0,0,12,33,0,2,0,0,0,100,10,691,858.2,0,0,86
352,Vorm,Michel,Vorm,13,1,17,a,,2018-09-22T16:01:13Z,4.7,-3,3,0,0.1,5,2.5,180,0,0,0,4,0,0,0,0,0,9,1,36,66.8,0,0,6.6
353,Alderweireld,Toby,Alderweireld,4,2,17,a,,,6,0,0,1,3.7,107,3.1,2921,0,0,12,31,1,0,0,3,0,0,7,651,690.2,139.1,229,105.7
354,Rose,Danny,Rose,3,2,17,a,,2019-05-10T13:01:20Z,5.8,-2,2,0,1.1,86,3.3,1792,0,4,8,16,0,0,0,5,0,0,5,352,343.6,416.6,216,97.6
355,Vertonghen,Jan,Vertonghen,5,2,17,a,,2019-05-09T12:31:22Z,5.9,-1,1,0,4,67,3,1911,1,0,6,23,0,0,0,3,1,0,7,390,445.4,116.7,165,72.7
356,Davies,Ben,Davies,33,2,17,a,,2019-01-24T22:01:20Z,5.6,-4,4,0,1.7,66,2.4,1837,0,0,6,26,0,0,0,2,0,0,5,361,388.2,256.6,176,82.3
357,Trippier,Kieran,Trippier,2,2,17,a,,2019-03-07T13:31:20Z,6,0,0,3,15.2,118,4.4,2275,1,5,10,23,1,0,0,2,0,0,16,573,601.6,827,121,155
358,Walker-Peters,Kyle,Walker-Peters,16,2,17,a,,,4.2,-3,3,1,0.7,28,4.7,374,0,3,2,4,0,0,0,1,0,0,4,112,107.4,104.9,20,23.1
359,Sanchez,Davinson,Sanchez,6,2,17,a,,2019-05-08T09:01:20Z,5.8,-2,2,1,1.6,78,3.4,1941,1,2,6,22,0,0,0,2,0,0,4,412,454.2,60.3,183,70
360,Aurier,Serge,Aurier,24,2,17,a,,2019-03-25T08:31:21Z,5.7,-3,3,0,0.5,24,3,562,0,2,2,9,0,0,0,1,0,0,0,116,151.6,108.4,45,30.5
361,Dier,Eric,Dier,15,3,17,a,,2019-03-23T01:31:24Z,4.7,-3,3,0,0.9,56,2.8,1504,3,0,5,18,0,0,0,4,0,0,3,269,363.4,150.1,121,63.6
362,Dembele,Mousa,Dembele,19,3,17,u,Joined Guangzhou R&F,2018-11-03T22:01:14Z,4.9,-1,1,0,0.7,14,1.4,512,0,0,1,6,0,0,0,1,0,0,0,74,51,17.5,1,7.1
363,Lamela,Erik,Lamela,11,3,17,a,,2019-04-02T14:01:20Z,5.9,-6,6,0,0.3,67,3.5,965,4,4,4,12,0,0,0,2,0,0,5,231,263.8,339.9,441,104.1
364,Eriksen,Christian,Eriksen,23,3,17,a,,2018-09-27T12:31:15Z,9.2,-3,3,3,7.7,161,4.6,2770,8,12,8,37,0,0,0,3,0,0,15,675,876,1148.7,801,283
365,Alli,Bamidele,Alli,20,3,17,a,,2019-04-09T22:01:21Z,8.8,-2,2,1,2.5,94,3.8,1822,5,4,8,21,0,0,0,4,0,0,8,356,467.2,436.6,681,158.5
366,Wanyama,Victor,Wanyama,12,3,17,a,,2019-05-10T13:01:20Z,4.9,-1,1,0,0.1,24,1.8,511,1,0,3,4,0,0,0,2,0,0,2,105,113.2,45,80,23.9
367,Son,Heung-Min,Son,7,3,17,s,Suspended until 24 Aug,2019-05-04T13:31:21Z,8.6,1,-1,5,10.6,159,5.1,2033,12,8,10,23,0,0,0,2,1,0,17,489,690.6,508,1002,219.9
368,Winks,Harry,Winks,8,3,17,a,,2019-04-18T17:31:20Z,5.5,0,0,0,0.1,53,2,1589,1,0,6,17,0,0,0,4,0,0,3,275,268.2,168.6,71,50.7
369,Sissoko,Moussa,Sissoko,17,3,17,a,,2019-04-17T22:31:20Z,4.9,-1,1,0,0.3,76,2.6,2329,0,3,11,28,0,0,0,2,0,0,3,395,329,380.7,193,90.2
370,Lucas Moura,Lucas,Rodrigues Moura da Silva,27,3,17,a,,2019-01-07T16:01:16Z,6.9,-1,1,2,11.9,131,4.1,2115,10,2,14,18,0,0,0,3,0,0,8,340,556.4,415.6,650,161.9
371,Llorente,Fernando,Llorente,18,4,17,a,,2019-04-13T14:01:21Z,5.1,-9,9,1,1.5,41,2,681,1,4,2,8,1,0,0,2,0,0,3,104,138,189.5,307,63.1
372,Kane,Harry,Kane,10,4,17,a,,2019-04-09T22:01:21Z,12.6,1,-1,4,12.4,160,5.7,2423,17,6,9,31,0,0,0,5,0,0,24,561,824.6,430,1359,261.3
497,Nkoudou,Georges-Kévin,Nkoudou,14,3,17,u,Season-long loan to Monaco,2019-01-31T15:31:19Z,4.8,-2,2,0,0,4,4,4,0,1,0,0,0,0,0,0,0,0,0,17,19,14.3,0,3.3
523,Amos,Luke,Amos,40,3,17,a,,,4.3,-2,2,0,0.1,1,1,2,0,0,0,0,0,0,0,0,0,0,0,3,2.2,0.1,0,0.2
536,Gazzaniga,Paulo,Gazzaniga,22,1,17,a,,,4.5,0,0,0,0,13,4.3,270,0,0,1,2,0,0,0,0,0,11,0,64,82.8,0,0,8.2
538,Whiteman,Alfie,Whiteman,41,1,17,a,,,4,0,0,0,0.2,0,0,0,0,0,0,0,0,0,0,0,0,0,0,0,0,0,0,0
540,Skipp,Oliver,Skipp,52,3,17,a,,,4.5,0,0,0,0,12,1.5,214,0,0,2,1,0,0,0,0,0,0,0,40,35.2,20.5,12,7
549,Foyth,Juan,Foyth,21,2,17,s,Suspended until 24 Aug,2019-05-04T13:31:22Z,5,0,0,1,0.2,35,2.9,888,1,0,3,12,0,0,0,3,1,0,4,172,248.6,59.8,53,36.3
561,Eyoma,Timothy,Eyoma,53,2,17,a,,,4,0,0,0,0.1,0,0,0,0,0,0,0,0,0,0,0,0,0,0,0,0,0,0,0
578,Sterling,Kazaiah,Sterling,50,4,17,u,Season-long loan to Sunderland,2019-01-31T21:01:20Z,4.5,0,0,0,0,0,0,0,0,0,0,0,0,0,0,0,0,0,0,0,0,0,0,0
612,Marsh,George,Marsh,47,3,17,a,,,4.5,0,0,0,0,0,0,0,0,0,0,0,0,0,0,0,0,0,0,0,0,0,0,0
614,Janssen,Vincent,Janssen,9,4,17,a,,,4.5,0,0,0,0.1,3,1,36,0,0,0,0,0,0,0,0,0,0,0,4,6.2,1.6,57,6.5
373,Gomes,Heurelho,Gomes,1,1,18,a,,,4.2,-3,3,0,0.3,0,0,0,0,0,0,0,0,0,0,0,0,0,0,0,0,0,0,0
374,Dahlberg,Pontus,Dahlberg,30,1,18,a,,,4.3,-2,2,0,0.1,0,0,0,0,0,0,0,0,0,0,0,0,0,0,0,0,0,0,0
375,Kaboul,Younes,Kaboul,4,2,18,u,Contract terminated by mutual consent,2019-01-07T10:34:08Z,4.2,-3,3,0,0.1,0,0,0,0,0,0,0,0,0,0,0,0,0,0,0,0,0,0,0
376,Cathcart,Craig,Cathcart,15,2,18,a,,2019-04-27T17:01:20Z,4.5,0,0,1,3.2,93,2.6,3095,3,0,6,54,2,0,0,2,0,0,5,552,719.6,25.5,262,100.8
377,Prodl,Sebastian,Prodl,5,2,18,a,,2019-04-22T21:01:21Z,4.2,-3,3,0,0.1,1,1,13,0,0,0,0,0,0,0,0,0,0,0,2,0,0,0,0
378,Holebas,Jose,Holebas,25,2,18,a,,2019-05-13T00:01:21Z,4.8,3,-3,2,7.9,93,3.3,2392,3,7,5,41,0,0,0,12,1,0,10,437,642.4,598.2,164,140.6
379,Britos,Miguel,Britos,3,2,18,a,,2019-05-03T16:01:21Z,4.3,-2,2,0,0,3,1,184,0,0,0,5,0,0,0,0,0,0,0,22,28.4,0.3,0,2.9
380,Kabasele,Christian,Kabasele,27,2,18,a,,2018-12-26T22:01:17Z,4.4,-1,1,0,0.3,36,1.7,1584,0,0,3,29,0,0,0,2,1,0,1,212,355.2,24,189,56.7
381,Janmaat,Daryl,Janmaat,2,2,18,a,,2019-03-30T20:31:21Z,4.9,-1,1,0,0.4,50,2.8,1520,0,2,3,22,0,0,0,3,0,0,6,274,346.2,212.2,118,67.8
382,Mariappa,Adrian,Mariappa,6,2,18,a,,,4.2,-3,3,0,0.6,57,2.2,1924,0,0,5,32,0,0,0,3,0,0,2,334,404.6,61.9,79,54.5
383,Kiko Femenia,Francisco,Femenia Far,21,2,18,a,,2019-04-08T14:01:20Z,4.2,-3,3,1,1.2,66,2.3,2043,1,1,4,40,0,0,0,1,0,0,6,412,420.2,252.9,87,76
384,Zeegelaar,Marvin,Zeegelaar,22,2,18,u,Season-long loan to Udinese,2019-01-10T16:31:17Z,4.2,-3,3,0,0,0,0,0,0,0,0,0,0,0,0,0,0,0,0,0,0,0,0,0
385,Navarro,Marc,Navarro,23,2,18,a,,2018-10-04T16:31:13Z,4.2,-3,3,0,0,2,1,84,0,0,0,3,0,0,0,0,0,0,0,12,16,5.3,2,2.3
386,Masina,Adam,Masina,11,2,18,a,,,4.3,-2,2,0,0.1,26,1.9,1002,0,1,2,20,0,0,0,5,0,0,1,165,201,70.8,27,30.1
387,Chalobah,Nathaniel,Chalobah,14,3,18,a,,2018-10-18T16:31:15Z,4.4,-1,1,0,0.1,10,1.1,265,0,0,0,7,0,0,0,2,0,0,0,42,35.6,20.2,31,8.8
388,Cleverley,Tom,Cleverley,8,3,18,a,,2019-03-28T17:31:21Z,5,0,0,0,0,25,1.9,470,1,0,3,7,0,0,0,2,0,0,2,87,97.4,33.4,40,17.2
389,Capoue,Etienne,Capoue,29,3,18,a,,2019-05-03T16:01:21Z,4.8,-2,2,1,0.5,79,2.4,2944,1,3,8,48,0,0,0,14,1,0,8,496,656.6,219.2,152,102.8
390,Doucoure,Abdoulaye,Doucoure,16,3,18,a,,2019-01-19T17:31:20Z,5.8,-2,2,2,2.8,124,3.5,3061,5,7,5,56,1,0,0,7,0,0,14,550,735.6,544.1,709,198.9
391,Pereyra,Roberto,Pereyra,37,3,18,a,,2019-04-16T21:01:20Z,5.9,-1,1,1,8,122,3.7,2817,6,4,6,53,0,0,0,3,0,0,13,432,458.4,512.7,744,171.8
392,Hughes,Will,Hughes,19,3,18,a,,2019-01-13T15:31:18Z,4.9,-1,1,0,0.7,87,2.7,2419,2,4,7,39,0,0,0,5,0,0,5,320,429.2,416,451,129.6
394,Deulofeu,Gerard,Deulofeu,7,3,18,a,,2019-04-07T18:01:21Z,5.7,2,-2,3,7.2,133,4.4,2064,10,5,9,29,0,0,0,3,0,0,10,344,549.2,455.6,856,185.6
395,Gray,Andre,Gray,18,4,18,a,,2018-12-10T19:31:18Z,5.9,-1,1,0,1.9,83,2.9,1352,7,2,4,23,0,0,0,2,0,0,10,254,331.8,183.9,620,112.8
396,Deeney,Troy,Deeney,9,4,18,a,,2019-04-15T21:01:19Z,5.8,-2,2,4,3.7,116,3.6,2542,9,5,5,44,0,0,0,4,1,0,13,411,607.4,549.5,1019,216.9
397,Okaka,Stefano,Okaka,33,4,18,u,Season-long loan to Udinese,2019-01-09T08:59:30Z,5,0,0,0,0.1,1,0.5,22,0,0,0,1,0,0,0,1,0,0,0,-1,3.2,24.7,26,5.2
398,Sinclair,Jerome,Sinclair,17,4,18,a,,2019-01-31T17:01:19Z,4.4,-1,1,0,0.4,0,0,0,0,0,0,0,0,0,0,0,0,0,0,0,0,0,0,0
445,Foster,Ben,Foster,26,1,18,a,,,4.6,1,-1,3,8.5,129,3.4,3420,0,0,7,59,0,1,0,1,0,128,11,703,988,50,1,104.1
446,Sema,Ken,Sema,12,3,18,a,,,4.6,-4,4,1,0.1,37,2.2,747,1,2,3,9,0,0,0,1,0,0,1,91,128.6,112.7,169,40.8
517,Quina,Domingos,Quina,20,3,18,i,Shoulder injury - Unknown return date,2019-04-12T16:31:20Z,4.4,-1,1,0,0.1,17,2.1,334,1,0,0,5,0,0,0,0,0,0,2,68,69,40.2,22,13.1
524,Success,Isaac,Success Ajayi,10,4,18,a,,2019-04-01T19:31:19Z,4.5,0,0,0,2.4,42,1.4,1033,1,1,2,21,0,0,0,4,0,0,0,125,148.6,274.5,394,81.4
544,Wilmot,Ben,Wilmot,24,2,18,u,Season-long loan to Udinese,2019-01-31T20:01:20Z,4,0,0,0,0.1,1,0.5,26,0,0,0,2,0,0,0,0,0,0,0,8,7.2,0.3,0,0.8
554,Penaranda,Adalberto,Penaranda,17,4,18,a,,2019-04-01T19:31:19Z,5,0,0,0,0,0,0,0,0,0,0,0,0,0,0,0,0,0,0,0,0,0,0,0
399,Adrian,Adrian,San Miguel del Castillo,13,1,19,a,,,4.2,-3,3,0,0.3,0,0,0,0,0,0,0,0,0,0,0,0,0,0,0,0,0,0,0
400,Fabianski,Lukasz,Fabianski,1,1,19,a,,2019-02-01T00:01:20Z,4.7,2,-2,3,14.3,143,3.8,3420,0,0,7,55,0,1,0,0,0,148,15,742,1136,20,0,115.5
401,Reid,Winston,Reid,2,2,19,i,Lack of match fitness - Unknown return date,2018-07-05T14:31:07Z,4.4,-1,1,0,0,0,0,0,0,0,0,0,0,0,0,0,0,0,0,0,0,0,0,0
402,Cresswell,Aaron,Cresswell,3,2,19,a,,2019-04-13T19:01:22Z,5,-5,5,0,0.5,34,1.7,1588,0,1,1,26,0,0,0,1,0,0,0,257,318.2,290.9,113,72.3
403,Ogbonna,Angelo,Ogbonna,21,2,19,a,,,4.2,-3,3,1,0.8,48,2,1871,1,1,2,36,0,0,0,2,0,0,2,314,462.4,54.2,168,68.5
404,Byram,Sam,Byram,22,2,19,u,Season-long loan to Nottingham Forest ,2018-08-15T09:19:35Z,4.5,0,0,0,0,0,0,0,0,0,0,0,0,0,0,0,0,0,0,0,0,0,0,0
405,Zabaleta,Pablo,Zabaleta,5,2,19,a,,2018-12-27T20:31:17Z,4.3,-2,2,0,1.7,56,2.2,2089,0,1,4,35,0,0,0,4,0,0,4,350,447.4,163.2,106,71.8
406,Rice,Declan,Rice,41,2,19,a,,2019-05-06T09:01:23Z,4.4,-1,1,2,4.2,92,2.7,3003,2,0,6,47,0,0,0,4,0,0,9,586,584.4,174.2,213,97.1
407,Oxford,Reece,Oxford,35,2,19,u,Season-long loan to Augsburg,2019-01-31T18:31:20Z,4.2,-3,3,0,0.1,0,0,0,0,0,0,0,0,0,0,0,0,0,0,0,0,0,0,0
408,Fredericks,Ryan,Fredericks,24,2,19,a,,2019-04-02T16:31:20Z,4.5,-5,5,2,0.3,38,2.5,1084,1,0,3,16,0,0,0,5,0,0,4,169,254.8,77.2,85,42
409,Diop,Issa,Diop,23,2,19,a,,,4.2,-3,3,1,1.4,87,2.6,2970,1,0,7,43,1,0,0,4,0,0,6,561,733,52.3,162,94.8
410,Masuaku,Arthur,Masuaku,26,3,19,a,,2019-02-28T10:01:21Z,4.2,-3,3,0,1.5,49,2.1,1757,0,2,4,29,0,0,0,2,0,0,0,311,434.4,212,55,70.3
411,Noble,Mark,Noble,16,3,19,a,,2018-10-27T19:01:15Z,4.8,-2,2,1,0.5,99,3.2,2289,5,5,7,31,0,0,0,6,1,0,5,454,521.4,359.8,196,107.6
413,Obiang,Pedro,Obiang,14,3,19,a,,2018-10-20T18:01:17Z,4.2,-3,3,0,0.8,43,1.8,1116,0,2,2,21,0,0,0,0,0,0,1,188,219.2,105.9,112,43.6
414,Lanzini,Manuel,Lanzini,10,3,19,a,,2019-04-13T19:01:22Z,6.4,-1,1,0,0.1,31,3.1,685,1,2,2,12,0,0,0,2,0,0,3,148,141,118.2,165,42.4
415,Antonio,Michail,Antonio,30,3,19,a,,2018-08-26T16:31:13Z,6.8,-2,2,1,1.2,118,3.6,2093,6,8,7,30,0,0,0,3,0,0,6,305,482,346.2,852,167
416,Fernandes,Edimilson,Fernandes,31,3,19,u,Season-long loan to Fiorentina,2018-08-10T14:01:13Z,4.5,0,0,0,0.1,0,0,0,0,0,0,0,0,0,0,0,0,0,0,0,0,0,0,0
417,Arnautovic,Marko,Arnautovic,7,4,19,a,,2019-04-27T19:31:24Z,6.7,-3,3,3,6.7,117,4.2,1988,10,5,4,34,0,0,0,3,0,0,15,405,551.6,500.6,946,199.2
418,Carroll,Andy,Carroll,9,4,19,i,Ankle injury - Unknown return date,2019-03-09T18:31:20Z,5.4,-1,1,0,0.1,12,1,454,0,0,0,7,0,0,0,2,0,0,0,10,41.8,51.4,169,25.8
419,Chicharito,Javier,Hernandez Balcazar,17,4,19,a,,2019-04-18T12:01:20Z,6.1,-4,4,2,1.5,86,3.4,1326,7,4,6,20,0,0,0,2,0,0,10,276,301,112,528,93.4
420,Hugill,Jordan,Hugill,12,4,19,u,Season-long loan to Middlesbrough,2018-08-03T15:01:10Z,5,0,0,0,0,0,0,0,0,0,0,0,0,0,0,0,0,0,0,0,0,0,0,0
447,Wilshere,Jack,Wilshere,19,3,19,a,,2018-12-04T22:31:16Z,4.8,-2,2,0,0.8,17,2.1,388,0,2,1,10,0,0,0,2,0,0,0,90,72,74,17,16.3
453,Yarmolenko,Andriy,Yarmolenko,20,3,19,a,,2018-10-20T16:31:17Z,6.7,-3,3,1,0.5,27,3,456,2,1,1,6,0,0,0,2,0,0,2,88,86,84.6,122,29.1
464,Balbuena,Fabian,Balbuena,4,2,19,a,,2018-12-22T17:01:18Z,4.2,-3,3,1,0.3,61,2.7,2013,1,0,5,32,0,0,0,2,0,0,3,375,534.6,40.9,201,77.8
465,Felipe Anderson,Felipe Anderson,Pereira Gomes,8,3,19,a,,2019-05-06T09:01:23Z,6.8,-2,2,4,8.2,155,4.3,3045,9,6,7,49,0,0,0,3,0,0,18,619,882.2,1042.4,799,272.2
489,Snodgrass,Robert,Snodgrass,11,3,19,a,,2018-11-10T19:01:15Z,5,-5,5,2,0.9,85,2.6,2215,2,5,5,33,0,0,0,10,0,0,9,364,460.8,976,380,181.5
502,Lucas,Lucas,Perez,27,4,19,a,,2019-04-13T19:01:22Z,6.2,-3,3,1,0.1,33,2.2,465,3,0,0,13,0,0,0,0,0,0,5,127,136.8,110.5,131,37.7
518,Carlos Sanchez,Carlos,Sanchez,15,3,19,a,,2018-09-26T22:31:13Z,4.3,-2,2,0,0.1,9,1.3,240,0,0,0,4,0,0,0,0,0,0,0,44,24.6,28.8,24,7.8
539,Diangana,Grady,Diangana,45,3,19,a,,,4.5,0,0,0,0,25,1.5,600,0,1,2,13,0,0,0,0,0,0,0,86,115,174.5,175,46.2
547,Powell,Joe,Powell,50,3,19,u,Season-long loan to Northampton Town,2019-03-27T09:34:15Z,4.5,0,0,0,0,0,0,0,0,0,0,0,0,0,0,0,0,0,0,0,0,0,0,0
548,Coventry,Conor,Coventry,54,3,19,a,,,4.5,0,0,0,0,0,0,0,0,0,0,0,0,0,0,0,0,0,0,0,0,0,0,0
560,Xande Silva,Alexandre Nascimento,Costa Silva,32,4,19,a,,,4.5,0,0,0,0.2,1,1,17,0,0,0,0,0,0,0,0,0,0,0,3,2,10.3,36,4.8
569,Nasri,Samir,Nasri,18,3,19,a,,2019-03-28T13:01:23Z,4.9,-6,6,0,0.2,14,2.8,243,0,2,1,2,0,0,0,0,0,0,0,61,49.8,86.6,28,16.4
605,Johnson,Ben,Johnson,53,2,19,a,,2019-02-28T10:01:21Z,4,0,0,0,0,2,2,62,0,0,0,1,0,0,0,0,0,0,0,6,7.8,0.4,0,0.8
611,Holland,Nathan,Holland,37,3,19,a,,,4,0,0,0,0.5,0,0,0,0,0,0,0,0,0,0,0,0,0,0,0,0,0,0,0
421,Ruddy,John,Ruddy,21,1,20,a,,,4.2,-3,3,0,0.2,7,7,90,0,0,1,0,0,0,0,0,0,3,0,25,26.6,0,0,2.7
422,Norris,Will,Norris,31,1,20,a,,,3.9,-1,1,0,2.3,1,1,1,0,0,0,0,0,0,0,0,0,0,0,3,0,0,0,0
423,Boly,Willy,Boly,15,2,20,a,,2019-01-14T22:01:18Z,4.7,2,-2,3,6.1,120,3.3,3168,4,0,8,43,0,0,0,2,1,0,10,635,954.2,146.9,279,137.7
424,Douglas,Barry,Douglas,3,2,20,u,Transferred to Leeds,2018-07-30T08:36:08Z,5,0,0,0,0,0,0,0,0,0,0,0,0,0,0,0,0,0,0,0,0,0,0,0
425,Doherty,Matt,Doherty,2,2,20,a,,2019-02-17T15:31:20Z,5.3,8,-8,4,21.9,144,3.8,3141,4,7,8,41,1,0,0,5,0,0,12,596,758.8,547.4,711,201.6
426,Saiss,Romain,Saiss,27,2,20,a,,2019-01-03T00:01:17Z,4.2,-3,3,1,0.4,47,2.5,1142,2,0,3,17,0,0,0,7,0,0,5,248,363.6,70.9,129,56.2
427,Bennett,Ryan,Bennett,5,2,20,a,,2019-03-02T17:31:20Z,4.1,1,-1,0,8,89,2.6,3060,1,0,9,38,0,0,0,12,0,0,1,467,566.4,129.7,172,86.9
428,Batth,Danny,Batth,6,2,20,u,Season-long loan to Middlesbrough,2018-08-31T19:01:13Z,4,0,0,0,0.6,0,0,0,0,0,0,0,0,0,0,0,0,0,0,0,0,0,0,0
429,Miranda,Roderick Jefferson,Goncalves Miranda,25,2,20,u,Season-long loan to Olympiacos,2018-07-13T08:41:00Z,4,0,0,0,0,0,0,0,0,0,0,0,0,0,0,0,0,0,0,0,0,0,0,0
430,Coady,Conor,Coady,16,2,20,a,,,4.5,0,0,1,0.9,94,2.5,3420,0,0,9,46,3,0,0,5,0,0,6,585,593.2,26.2,0,61.8
431,Vinagre,Ruben Gonzalo,Silva Nascimento Vinagre,29,2,20,a,,2019-02-04T14:31:20Z,4.3,-2,2,0,0.1,24,1.4,703,0,0,1,9,0,0,0,1,0,0,0,118,117,113.7,69,30
432,Jota,Diogo,Jota,18,3,20,a,,2019-02-17T13:31:20Z,6.3,-2,2,3,8.5,139,4.2,2352,9,8,10,29,0,0,0,11,0,0,13,386,559.6,402.5,888,185
433,Neves,Ruben Diogo,da Silva Neves,8,3,20,a,,2019-02-02T17:01:21Z,4.9,-1,1,2,10.4,104,3,3006,4,3,8,43,0,0,0,8,0,0,7,483,698.2,365.9,402,146.8
434,Cavaleiro,Ivan,Cavaleiro,7,3,20,a,,2018-07-30T18:31:10Z,5.2,-3,3,1,0.1,48,2.1,677,3,1,1,11,0,0,0,1,0,0,3,156,198,313.6,156,66
435,Costa,Helder,Costa,10,3,20,a,,2018-10-01T12:31:14Z,4.6,-4,4,0,0.4,52,2.1,1333,1,2,5,19,0,0,0,3,0,0,0,136,162.8,264,280,70.9
436,Enobakhare,Bright,Enobakhare,14,3,20,u,Season-long loan to Coventry City,2018-08-31T15:01:13Z,4.3,-2,2,0,0.1,0,0,0,0,0,0,0,0,0,0,0,0,0,0,0,0,0,0,0
437,Jimenez,Raul,Jimenez,9,4,20,a,,2018-09-12T16:31:15Z,6.9,14,-14,3,33.4,181,4.8,3112,13,10,12,40,0,0,0,4,0,0,31,602,788.8,648.5,1428,285.4
438,Bonatini,Bonatini Lohner Maia,Bonatini,33,4,20,u,Season-long loan to Nottingham Forest,2019-01-31T17:31:20Z,4.6,-4,4,0,0.3,10,1.4,130,0,1,0,0,0,0,0,0,0,0,0,19,24.6,30.9,90,13.6
448,Gibbs-White,Morgan,Gibbs-White,17,3,20,a,,,4.3,-2,2,0,0.5,37,1.4,645,0,1,4,12,0,0,0,1,0,0,0,113,73.2,181.1,72,32.5
449,Mir,Rafa,Mir,9,4,20,u,Season-long loan to Las Palmas,2018-07-25T08:17:16Z,4.5,0,0,0,0,0,0,0,0,0,0,0,0,0,0,0,0,0,0,0,0,0,0,0
454,Patricio,Rui Pedro,dos Santos Patrício,11,1,20,a,,,4.5,0,0,2,8,118,3.2,3330,0,0,8,46,0,0,0,0,0,97,4,581,695,0,0,69.1
475,Moutinho,Joao Filipe Iria,Santos Moutinho,28,3,20,a,,,5.1,-4,4,1,5.1,119,3.1,3030,1,8,9,39,0,0,0,4,0,0,13,628,812.6,1245.8,102,216.4
483,Jonny,Jonathan,Castro Otto,19,2,20,a,,2018-12-15T14:01:16Z,4.3,-2,2,2,3.6,103,3.1,2772,1,3,8,39,0,0,0,6,0,0,9,488,523.4,447.3,361,133.3
500,Traore,Adama,Traore,37,3,20,a,,2018-12-29T20:31:18Z,5.1,-4,4,0,0.3,44,1.5,884,1,1,1,13,0,0,0,1,0,0,2,182,223.4,271.3,265,75.8
519,Dendoncker,Leander,Dendoncker,32,3,20,a,,2018-08-24T16:31:12Z,4.3,-2,2,0,0.6,48,2.5,1465,2,0,3,21,0,0,0,1,0,0,1,209,334.8,126.6,288,75.1
525,Hause,Kortney,Hause,30,2,20,u,Season-long loan to Aston Villa,2019-01-07T23:01:17Z,4,0,0,0,0.2,0,0,0,0,0,0,0,0,0,0,0,0,0,0,0,0,0,0,0
555,Giles,Ryan John,Giles,23,3,20,a,,,4.5,0,0,0,0,0,0,0,0,0,0,0,0,0,0,0,0,0,0,0,0,0,0,0
567,Kilman,Max,Kilman,49,2,20,a,,,4,0,0,0,0,1,1,1,0,0,0,0,0,0,0,0,0,0,0,3,0,0,0,0
596,John,Cameron,John,47,2,20,a,,,4,0,0,0,0.1,0,0,0,0,0,0,0,0,0,0,0,0,0,0,0,0,0,0,0
